[0.000000] (-) TimerEvent: {}
[0.000443] (rplidar_ros) JobQueued: {'identifier': 'rplidar_ros', 'dependencies': OrderedDict()}
[0.001644] (rplidar_ros) JobStarted: {'identifier': 'rplidar_ros'}
[0.036116] (rplidar_ros) JobProgress: {'identifier': 'rplidar_ros', 'progress': 'cmake'}
[0.038323] (rplidar_ros) Command: {'cmd': ['/usr/bin/cmake', '/home/isc/tk2_ws/src/rplidar_ros', '-DAMENT_CMAKE_SYMLINK_INSTALL=1', '-DCMAKE_INSTALL_PREFIX=/home/isc/tk2_ws/install/rplidar_ros'], 'cwd': '/home/isc/tk2_ws/build/rplidar_ros', 'env': OrderedDict({'LESSOPEN': '| /usr/bin/lesspipe %s', 'USER': 'isc', 'SSH_CLIENT': '192.168.50.106 60452 22', 'LC_TIME': 'en_US.UTF-8', 'XDG_SESSION_TYPE': 'tty', 'SHLVL': '1', 'LD_LIBRARY_PATH': '/opt/ros/jazzy/opt/rviz_ogre_vendor/lib:/opt/ros/jazzy/lib/aarch64-linux-gnu:/opt/ros/jazzy/opt/gz_math_vendor/lib:/opt/ros/jazzy/opt/gz_utils_vendor/lib:/opt/ros/jazzy/opt/gz_cmake_vendor/lib:/opt/ros/jazzy/lib', 'HOME': '/home/isc', 'OLDPWD': '/home/isc/tk2_ws/src', 'SSH_TTY': '/dev/pts/0', 'ROS_PYTHON_VERSION': '3', 'LC_MONETARY': 'en_US.UTF-8', 'DBUS_SESSION_BUS_ADDRESS': 'unix:path=/run/user/1000/bus', 'ROS_DISTRO': 'jazzy', 'LOGNAME': 'isc', '_': '/usr/bin/colcon', 'ROS_VERSION': '2', 'XDG_SESSION_CLASS': 'user', 'TERM': 'xterm-256color', 'XDG_SESSION_ID': '1', 'PATH': '/opt/ros/jazzy/bin:/usr/local/sbin:/usr/local/bin:/usr/sbin:/usr/bin:/sbin:/bin:/usr/games:/usr/local/games:/snap/bin', 'LC_ADDRESS': 'en_US.UTF-8', 'XDG_RUNTIME_DIR': '/run/user/1000', 'DISPLAY': 'localhost:10.0', 'LANG': 'en_US.UTF-8', 'LC_TELEPHONE': 'en_US.UTF-8', 'LS_COLORS': 'rs=0:di=01;34:ln=01;36:mh=00:pi=40;33:so=01;35:do=01;35:bd=40;33;01:cd=40;33;01:or=40;31;01:mi=00:su=37;41:sg=30;43:ca=00:tw=30;42:ow=34;42:st=37;44:ex=01;32:*.tar=01;31:*.tgz=01;31:*.arc=01;31:*.arj=01;31:*.taz=01;31:*.lha=01;31:*.lz4=01;31:*.lzh=01;31:*.lzma=01;31:*.tlz=01;31:*.txz=01;31:*.tzo=01;31:*.t7z=01;31:*.zip=01;31:*.z=01;31:*.dz=01;31:*.gz=01;31:*.lrz=01;31:*.lz=01;31:*.lzo=01;31:*.xz=01;31:*.zst=01;31:*.tzst=01;31:*.bz2=01;31:*.bz=01;31:*.tbz=01;31:*.tbz2=01;31:*.tz=01;31:*.deb=01;31:*.rpm=01;31:*.jar=01;31:*.war=01;31:*.ear=01;31:*.sar=01;31:*.rar=01;31:*.alz=01;31:*.ace=01;31:*.zoo=01;31:*.cpio=01;31:*.7z=01;31:*.rz=01;31:*.cab=01;31:*.wim=01;31:*.swm=01;31:*.dwm=01;31:*.esd=01;31:*.avif=01;35:*.jpg=01;35:*.jpeg=01;35:*.mjpg=01;35:*.mjpeg=01;35:*.gif=01;35:*.bmp=01;35:*.pbm=01;35:*.pgm=01;35:*.ppm=01;35:*.tga=01;35:*.xbm=01;35:*.xpm=01;35:*.tif=01;35:*.tiff=01;35:*.png=01;35:*.svg=01;35:*.svgz=01;35:*.mng=01;35:*.pcx=01;35:*.mov=01;35:*.mpg=01;35:*.mpeg=01;35:*.m2v=01;35:*.mkv=01;35:*.webm=01;35:*.webp=01;35:*.ogm=01;35:*.mp4=01;35:*.m4v=01;35:*.mp4v=01;35:*.vob=01;35:*.qt=01;35:*.nuv=01;35:*.wmv=01;35:*.asf=01;35:*.rm=01;35:*.rmvb=01;35:*.flc=01;35:*.avi=01;35:*.fli=01;35:*.flv=01;35:*.gl=01;35:*.dl=01;35:*.xcf=01;35:*.xwd=01;35:*.yuv=01;35:*.cgm=01;35:*.emf=01;35:*.ogv=01;35:*.ogx=01;35:*.aac=00;36:*.au=00;36:*.flac=00;36:*.m4a=00;36:*.mid=00;36:*.midi=00;36:*.mka=00;36:*.mp3=00;36:*.mpc=00;36:*.ogg=00;36:*.ra=00;36:*.wav=00;36:*.oga=00;36:*.opus=00;36:*.spx=00;36:*.xspf=00;36:*~=00;90:*#=00;90:*.bak=00;90:*.crdownload=00;90:*.dpkg-dist=00;90:*.dpkg-new=00;90:*.dpkg-old=00;90:*.dpkg-tmp=00;90:*.old=00;90:*.orig=00;90:*.part=00;90:*.rej=00;90:*.rpmnew=00;90:*.rpmorig=00;90:*.rpmsave=00;90:*.swp=00;90:*.tmp=00;90:*.ucf-dist=00;90:*.ucf-new=00;90:*.ucf-old=00;90:', 'AMENT_PREFIX_PATH': '/opt/ros/jazzy', 'SHELL': '/bin/bash', 'LC_NAME': 'en_US.UTF-8', 'LESSCLOSE': '/usr/bin/lesspipe %s %s', 'LC_MEASUREMENT': 'en_US.UTF-8', 'LC_IDENTIFICATION': 'en_US.UTF-8', 'ROS_AUTOMATIC_DISCOVERY_RANGE': 'SUBNET', 'PWD': '/home/isc/tk2_ws/build/rplidar_ros', 'LC_ALL': 'en_US.UTF-8', 'SSH_CONNECTION': '192.168.50.106 60452 192.168.50.231 22', 'XDG_DATA_DIRS': '/usr/local/share:/usr/share:/var/lib/snapd/desktop', 'PYTHONPATH': '/opt/ros/jazzy/lib/python3.12/site-packages', 'LC_NUMERIC': 'en_US.UTF-8', 'LC_PAPER': 'en_US.UTF-8', 'COLCON': '1', 'CMAKE_PREFIX_PATH': '/opt/ros/jazzy/opt/gz_math_vendor:/opt/ros/jazzy/opt/gz_utils_vendor:/opt/ros/jazzy/opt/gz_cmake_vendor:/opt/ros/jazzy'}), 'shell': False}
[0.099361] (-) TimerEvent: {}
[0.200093] (-) TimerEvent: {}
[0.300853] (-) TimerEvent: {}
[0.331943] (rplidar_ros) StdoutLine: {'line': b'-- The C compiler identification is GNU 13.3.0\n'}
[0.401031] (-) TimerEvent: {}
[0.501722] (-) TimerEvent: {}
[0.602382] (-) TimerEvent: {}
[0.615258] (rplidar_ros) StdoutLine: {'line': b'-- The CXX compiler identification is GNU 13.3.0\n'}
[0.702607] (-) TimerEvent: {}
[0.704214] (rplidar_ros) StdoutLine: {'line': b'-- Detecting C compiler ABI info\n'}
[0.802855] (-) TimerEvent: {}
[0.903567] (-) TimerEvent: {}
[1.004293] (-) TimerEvent: {}
[1.105114] (-) TimerEvent: {}
[1.162120] (rplidar_ros) StdoutLine: {'line': b'-- Detecting C compiler ABI info - done\n'}
[1.197736] (rplidar_ros) StdoutLine: {'line': b'-- Check for working C compiler: /usr/bin/cc - skipped\n'}
[1.198644] (rplidar_ros) StdoutLine: {'line': b'-- Detecting C compile features\n'}
[1.200206] (rplidar_ros) StdoutLine: {'line': b'-- Detecting C compile features - done\n'}
[1.205291] (-) TimerEvent: {}
[1.248614] (rplidar_ros) StdoutLine: {'line': b'-- Detecting CXX compiler ABI info\n'}
[1.305517] (-) TimerEvent: {}
[1.406245] (-) TimerEvent: {}
[1.506869] (-) TimerEvent: {}
[1.607598] (-) TimerEvent: {}
[1.708297] (-) TimerEvent: {}
[1.743431] (rplidar_ros) StdoutLine: {'line': b'-- Detecting CXX compiler ABI info - done\n'}
[1.780232] (rplidar_ros) StdoutLine: {'line': b'-- Check for working CXX compiler: /usr/bin/c++ - skipped\n'}
[1.781268] (rplidar_ros) StdoutLine: {'line': b'-- Detecting CXX compile features\n'}
[1.783099] (rplidar_ros) StdoutLine: {'line': b'-- Detecting CXX compile features - done\n'}
[1.808446] (-) TimerEvent: {}
[1.810977] (rplidar_ros) StdoutLine: {'line': b'-- Found ament_cmake: 2.5.6 (/opt/ros/jazzy/share/ament_cmake/cmake)\n'}
[1.908623] (-) TimerEvent: {}
[2.009249] (-) TimerEvent: {}
[2.109873] (-) TimerEvent: {}
[2.210559] (-) TimerEvent: {}
[2.311277] (-) TimerEvent: {}
[2.411932] (-) TimerEvent: {}
[2.512801] (-) TimerEvent: {}
[2.520282] (rplidar_ros) StdoutLine: {'line': b'-- Found Python3: /usr/bin/python3 (found version "3.12.3") found components: Interpreter \n'}
[2.612934] (-) TimerEvent: {}
[2.713605] (-) TimerEvent: {}
[2.814565] (-) TimerEvent: {}
[2.849000] (rplidar_ros) StdoutLine: {'line': b'-- Override CMake install command with custom implementation using symlinks instead of copying resources\n'}
[2.914720] (-) TimerEvent: {}
[3.015294] (-) TimerEvent: {}
[3.115846] (-) TimerEvent: {}
[3.163050] (rplidar_ros) StdoutLine: {'line': b'-- Found rclcpp: 28.1.21 (/opt/ros/jazzy/share/rclcpp/cmake)\n'}
[3.216016] (-) TimerEvent: {}
[3.316627] (-) TimerEvent: {}
[3.417214] (-) TimerEvent: {}
[3.476701] (rplidar_ros) StdoutLine: {'line': b'-- Found rosidl_generator_c: 4.6.9 (/opt/ros/jazzy/share/rosidl_generator_c/cmake)\n'}
[3.517349] (-) TimerEvent: {}
[3.573401] (rplidar_ros) StdoutLine: {'line': b'-- Found rosidl_generator_cpp: 4.6.9 (/opt/ros/jazzy/share/rosidl_generator_cpp/cmake)\n'}
[3.617517] (-) TimerEvent: {}
[3.679273] (rplidar_ros) StdoutLine: {'line': b'-- Using all available rosidl_typesupport_c: rosidl_typesupport_fastrtps_c;rosidl_typesupport_introspection_c\n'}
[3.717686] (-) TimerEvent: {}
[3.793432] (rplidar_ros) StdoutLine: {'line': b'-- Using all available rosidl_typesupport_cpp: rosidl_typesupport_fastrtps_cpp;rosidl_typesupport_introspection_cpp\n'}
[3.817851] (-) TimerEvent: {}
[3.918463] (-) TimerEvent: {}
[4.019023] (-) TimerEvent: {}
[4.119652] (-) TimerEvent: {}
[4.218608] (rplidar_ros) StdoutLine: {'line': b'-- Found rmw_implementation_cmake: 7.3.3 (/opt/ros/jazzy/share/rmw_implementation_cmake/cmake)\n'}
[4.219756] (-) TimerEvent: {}
[4.243603] (rplidar_ros) StdoutLine: {'line': b'-- Found rmw_fastrtps_cpp: 8.4.4 (/opt/ros/jazzy/share/rmw_fastrtps_cpp/cmake)\n'}
[4.319941] (-) TimerEvent: {}
[4.420576] (-) TimerEvent: {}
[4.521218] (-) TimerEvent: {}
[4.621966] (-) TimerEvent: {}
[4.720568] (rplidar_ros) StdoutLine: {'line': b'-- Found OpenSSL: /usr/lib/aarch64-linux-gnu/libcrypto.so (found version "3.0.13")  \n'}
[4.722100] (-) TimerEvent: {}
[4.813379] (rplidar_ros) StdoutLine: {'line': b'-- Found FastRTPS: /opt/ros/jazzy/include (Required is at least version "2.13") \n'}
[4.822292] (-) TimerEvent: {}
[4.906150] (rplidar_ros) StdoutLine: {'line': b"-- Using RMW implementation 'rmw_fastrtps_cpp' as default\n"}
[4.922453] (-) TimerEvent: {}
[5.023009] (-) TimerEvent: {}
[5.123604] (-) TimerEvent: {}
[5.224219] (-) TimerEvent: {}
[5.282543] (rplidar_ros) StdoutLine: {'line': b'-- Found sensor_msgs: 5.3.8 (/opt/ros/jazzy/share/sensor_msgs/cmake)\n'}
[5.324333] (-) TimerEvent: {}
[5.424891] (-) TimerEvent: {}
[5.525492] (-) TimerEvent: {}
[5.536430] (rplidar_ros) StdoutLine: {'line': b'-- Found std_srvs: 5.3.8 (/opt/ros/jazzy/share/std_srvs/cmake)\n'}
[5.625685] (-) TimerEvent: {}
[5.726377] (-) TimerEvent: {}
[5.826877] (-) TimerEvent: {}
[5.927540] (-) TimerEvent: {}
[6.028293] (-) TimerEvent: {}
[6.028785] (rplidar_ros) StdoutLine: {'line': b'-- Configuring done (5.9s)\n'}
[6.128468] (-) TimerEvent: {}
[6.141963] (rplidar_ros) StdoutLine: {'line': b'-- Generating done (0.1s)\n'}
[6.168366] (rplidar_ros) StdoutLine: {'line': b'-- Build files have been written to: /home/isc/tk2_ws/build/rplidar_ros\n'}
[6.209327] (rplidar_ros) CommandEnded: {'returncode': 0}
[6.210898] (rplidar_ros) JobProgress: {'identifier': 'rplidar_ros', 'progress': 'build'}
[6.213076] (rplidar_ros) Command: {'cmd': ['/usr/bin/cmake', '--build', '/home/isc/tk2_ws/build/rplidar_ros', '--', '-j4', '-l4'], 'cwd': '/home/isc/tk2_ws/build/rplidar_ros', 'env': OrderedDict({'LESSOPEN': '| /usr/bin/lesspipe %s', 'USER': 'isc', 'SSH_CLIENT': '192.168.50.106 60452 22', 'LC_TIME': 'en_US.UTF-8', 'XDG_SESSION_TYPE': 'tty', 'SHLVL': '1', 'LD_LIBRARY_PATH': '/opt/ros/jazzy/opt/rviz_ogre_vendor/lib:/opt/ros/jazzy/lib/aarch64-linux-gnu:/opt/ros/jazzy/opt/gz_math_vendor/lib:/opt/ros/jazzy/opt/gz_utils_vendor/lib:/opt/ros/jazzy/opt/gz_cmake_vendor/lib:/opt/ros/jazzy/lib', 'HOME': '/home/isc', 'OLDPWD': '/home/isc/tk2_ws/src', 'SSH_TTY': '/dev/pts/0', 'ROS_PYTHON_VERSION': '3', 'LC_MONETARY': 'en_US.UTF-8', 'DBUS_SESSION_BUS_ADDRESS': 'unix:path=/run/user/1000/bus', 'ROS_DISTRO': 'jazzy', 'LOGNAME': 'isc', '_': '/usr/bin/colcon', 'ROS_VERSION': '2', 'XDG_SESSION_CLASS': 'user', 'TERM': 'xterm-256color', 'XDG_SESSION_ID': '1', 'PATH': '/opt/ros/jazzy/bin:/usr/local/sbin:/usr/local/bin:/usr/sbin:/usr/bin:/sbin:/bin:/usr/games:/usr/local/games:/snap/bin', 'LC_ADDRESS': 'en_US.UTF-8', 'XDG_RUNTIME_DIR': '/run/user/1000', 'DISPLAY': 'localhost:10.0', 'LANG': 'en_US.UTF-8', 'LC_TELEPHONE': 'en_US.UTF-8', 'LS_COLORS': 'rs=0:di=01;34:ln=01;36:mh=00:pi=40;33:so=01;35:do=01;35:bd=40;33;01:cd=40;33;01:or=40;31;01:mi=00:su=37;41:sg=30;43:ca=00:tw=30;42:ow=34;42:st=37;44:ex=01;32:*.tar=01;31:*.tgz=01;31:*.arc=01;31:*.arj=01;31:*.taz=01;31:*.lha=01;31:*.lz4=01;31:*.lzh=01;31:*.lzma=01;31:*.tlz=01;31:*.txz=01;31:*.tzo=01;31:*.t7z=01;31:*.zip=01;31:*.z=01;31:*.dz=01;31:*.gz=01;31:*.lrz=01;31:*.lz=01;31:*.lzo=01;31:*.xz=01;31:*.zst=01;31:*.tzst=01;31:*.bz2=01;31:*.bz=01;31:*.tbz=01;31:*.tbz2=01;31:*.tz=01;31:*.deb=01;31:*.rpm=01;31:*.jar=01;31:*.war=01;31:*.ear=01;31:*.sar=01;31:*.rar=01;31:*.alz=01;31:*.ace=01;31:*.zoo=01;31:*.cpio=01;31:*.7z=01;31:*.rz=01;31:*.cab=01;31:*.wim=01;31:*.swm=01;31:*.dwm=01;31:*.esd=01;31:*.avif=01;35:*.jpg=01;35:*.jpeg=01;35:*.mjpg=01;35:*.mjpeg=01;35:*.gif=01;35:*.bmp=01;35:*.pbm=01;35:*.pgm=01;35:*.ppm=01;35:*.tga=01;35:*.xbm=01;35:*.xpm=01;35:*.tif=01;35:*.tiff=01;35:*.png=01;35:*.svg=01;35:*.svgz=01;35:*.mng=01;35:*.pcx=01;35:*.mov=01;35:*.mpg=01;35:*.mpeg=01;35:*.m2v=01;35:*.mkv=01;35:*.webm=01;35:*.webp=01;35:*.ogm=01;35:*.mp4=01;35:*.m4v=01;35:*.mp4v=01;35:*.vob=01;35:*.qt=01;35:*.nuv=01;35:*.wmv=01;35:*.asf=01;35:*.rm=01;35:*.rmvb=01;35:*.flc=01;35:*.avi=01;35:*.fli=01;35:*.flv=01;35:*.gl=01;35:*.dl=01;35:*.xcf=01;35:*.xwd=01;35:*.yuv=01;35:*.cgm=01;35:*.emf=01;35:*.ogv=01;35:*.ogx=01;35:*.aac=00;36:*.au=00;36:*.flac=00;36:*.m4a=00;36:*.mid=00;36:*.midi=00;36:*.mka=00;36:*.mp3=00;36:*.mpc=00;36:*.ogg=00;36:*.ra=00;36:*.wav=00;36:*.oga=00;36:*.opus=00;36:*.spx=00;36:*.xspf=00;36:*~=00;90:*#=00;90:*.bak=00;90:*.crdownload=00;90:*.dpkg-dist=00;90:*.dpkg-new=00;90:*.dpkg-old=00;90:*.dpkg-tmp=00;90:*.old=00;90:*.orig=00;90:*.part=00;90:*.rej=00;90:*.rpmnew=00;90:*.rpmorig=00;90:*.rpmsave=00;90:*.swp=00;90:*.tmp=00;90:*.ucf-dist=00;90:*.ucf-new=00;90:*.ucf-old=00;90:', 'AMENT_PREFIX_PATH': '/opt/ros/jazzy', 'SHELL': '/bin/bash', 'LC_NAME': 'en_US.UTF-8', 'LESSCLOSE': '/usr/bin/lesspipe %s %s', 'LC_MEASUREMENT': 'en_US.UTF-8', 'LC_IDENTIFICATION': 'en_US.UTF-8', 'ROS_AUTOMATIC_DISCOVERY_RANGE': 'SUBNET', 'PWD': '/home/isc/tk2_ws/build/rplidar_ros', 'LC_ALL': 'en_US.UTF-8', 'SSH_CONNECTION': '192.168.50.106 60452 192.168.50.231 22', 'XDG_DATA_DIRS': '/usr/local/share:/usr/share:/var/lib/snapd/desktop', 'PYTHONPATH': '/opt/ros/jazzy/lib/python3.12/site-packages', 'LC_NUMERIC': 'en_US.UTF-8', 'LC_PAPER': 'en_US.UTF-8', 'COLCON': '1', 'CMAKE_PREFIX_PATH': '/opt/ros/jazzy/opt/gz_math_vendor:/opt/ros/jazzy/opt/gz_utils_vendor:/opt/ros/jazzy/opt/gz_cmake_vendor:/opt/ros/jazzy'}), 'shell': False}
[6.228649] (-) TimerEvent: {}
[6.329341] (-) TimerEvent: {}
[6.431413] (-) TimerEvent: {}
[6.484740] (rplidar_ros) StdoutLine: {'line': b'[  5%] \x1b[32mBuilding CXX object CMakeFiles/rplidar_composition.dir/src/rplidar_node.cpp.o\x1b[0m\n'}
[6.490819] (rplidar_ros) StdoutLine: {'line': b'[  5%] \x1b[32mBuilding CXX object CMakeFiles/rplidar_node.dir/src/rplidar_node.cpp.o\x1b[0m\n'}
[6.491755] (rplidar_ros) StdoutLine: {'line': b'[ 10%] \x1b[32mBuilding CXX object CMakeFiles/rplidar_client.dir/src/rplidar_client.cpp.o\x1b[0m\n'}
[6.493143] (rplidar_ros) StdoutLine: {'line': b'[ 10%] \x1b[32mBuilding CXX object CMakeFiles/rplidar_node.dir/sdk/src/arch/linux/net_serial.cpp.o\x1b[0m\n'}
[6.533479] (-) TimerEvent: {}
[6.634311] (-) TimerEvent: {}
[6.734937] (-) TimerEvent: {}
[6.838343] (-) TimerEvent: {}
[6.939001] (-) TimerEvent: {}
[7.039697] (-) TimerEvent: {}
[7.140519] (-) TimerEvent: {}
[7.242322] (-) TimerEvent: {}
[7.343012] (-) TimerEvent: {}
[7.444367] (-) TimerEvent: {}
[7.547009] (-) TimerEvent: {}
[7.650374] (-) TimerEvent: {}
[7.751093] (-) TimerEvent: {}
[7.851809] (-) TimerEvent: {}
[7.952505] (-) TimerEvent: {}
[8.054422] (-) TimerEvent: {}
[8.155210] (-) TimerEvent: {}
[8.257457] (-) TimerEvent: {}
[8.361383] (-) TimerEvent: {}
[8.462275] (-) TimerEvent: {}
[8.563365] (-) TimerEvent: {}
[8.665385] (-) TimerEvent: {}
[8.766387] (-) TimerEvent: {}
[8.867411] (rplidar_ros) StderrLine: {'line': b'\x1b[01m\x1b[K/home/isc/tk2_ws/src/rplidar_ros/sdk/src/arch/linux/net_serial.cpp:\x1b[m\x1b[K In member function \xe2\x80\x98\x1b[01m\x1b[Kbool rp::arch::net::raw_serial::\x1b[01;32m\x1b[Kopen\x1b[m\x1b[K(const char*, uint32_t, uint32_t)\x1b[m\x1b[K\xe2\x80\x99:\n'}
[8.871416] (-) TimerEvent: {}
[8.872449] (rplidar_ros) StderrLine: {'line': b'\x1b[01m\x1b[K/home/isc/tk2_ws/src/rplidar_ros/sdk/src/arch/linux/net_serial.cpp:97:74:\x1b[m\x1b[K \x1b[01;35m\x1b[Kwarning: \x1b[m\x1b[Kunused parameter \xe2\x80\x98\x1b[01m\x1b[Kflags\x1b[m\x1b[K\xe2\x80\x99 [\x1b[01;35m\x1b[K\x1b]8;;https://gcc.gnu.org/onlinedocs/gcc/Warning-Options.html#index-Wunused-parameter\x07-Wunused-parameter\x1b]8;;\x07\x1b[m\x1b[K]\n'}
[8.873846] (rplidar_ros) StderrLine: {'line': b'   97 | bool raw_serial::open(const char * portname, uint32_t baudrate, \x1b[01;35m\x1b[Kuint32_t flags\x1b[m\x1b[K)\n'}
[8.874924] (rplidar_ros) StderrLine: {'line': b'      |                                                                 \x1b[01;35m\x1b[K~~~~~~~~~^~~~~\x1b[m\x1b[K\n'}
[8.879867] (rplidar_ros) StderrLine: {'line': b'\x1b[01m\x1b[K/home/isc/tk2_ws/src/rplidar_ros/sdk/src/arch/linux/net_serial.cpp:\x1b[m\x1b[K In member function \xe2\x80\x98\x1b[01m\x1b[Kvirtual void rp::arch::net::raw_serial::\x1b[01;32m\x1b[Kflush\x1b[m\x1b[K(_u32)\x1b[m\x1b[K\xe2\x80\x99:\n'}
[8.885308] (rplidar_ros) StderrLine: {'line': b'\x1b[01m\x1b[K/home/isc/tk2_ws/src/rplidar_ros/sdk/src/arch/linux/net_serial.cpp:281:30:\x1b[m\x1b[K \x1b[01;35m\x1b[Kwarning: \x1b[m\x1b[Kunused parameter \xe2\x80\x98\x1b[01m\x1b[Kflags\x1b[m\x1b[K\xe2\x80\x99 [\x1b[01;35m\x1b[K\x1b]8;;https://gcc.gnu.org/onlinedocs/gcc/Warning-Options.html#index-Wunused-parameter\x07-Wunused-parameter\x1b]8;;\x07\x1b[m\x1b[K]\n'}
[8.886978] (rplidar_ros) StderrLine: {'line': b'  281 | void raw_serial::flush( \x1b[01;35m\x1b[K_u32 flags\x1b[m\x1b[K)\n'}
[8.887810] (rplidar_ros) StderrLine: {'line': b'      |                         \x1b[01;35m\x1b[K~~~~~^~~~~\x1b[m\x1b[K\n'}
[8.888602] (rplidar_ros) StderrLine: {'line': b'\x1b[01m\x1b[K/home/isc/tk2_ws/src/rplidar_ros/sdk/src/arch/linux/net_serial.cpp:\x1b[m\x1b[K In member function \xe2\x80\x98\x1b[01m\x1b[Kvirtual int rp::arch::net::raw_serial::\x1b[01;32m\x1b[Kwaitforsent\x1b[m\x1b[K(_u32, size_t*)\x1b[m\x1b[K\xe2\x80\x99:\n'}
[8.891571] (rplidar_ros) StderrLine: {'line': b'\x1b[01m\x1b[K/home/isc/tk2_ws/src/rplidar_ros/sdk/src/arch/linux/net_serial.cpp:286:34:\x1b[m\x1b[K \x1b[01;35m\x1b[Kwarning: \x1b[m\x1b[Kunused parameter \xe2\x80\x98\x1b[01m\x1b[Ktimeout\x1b[m\x1b[K\xe2\x80\x99 [\x1b[01;35m\x1b[K\x1b]8;;https://gcc.gnu.org/onlinedocs/gcc/Warning-Options.html#index-Wunused-parameter\x07-Wunused-parameter\x1b]8;;\x07\x1b[m\x1b[K]\n'}
[8.892678] (rplidar_ros) StderrLine: {'line': b'  286 | int raw_serial::waitforsent(\x1b[01;35m\x1b[K_u32 timeout\x1b[m\x1b[K, size_t * returned_size)\n'}
[8.893763] (rplidar_ros) StderrLine: {'line': b'      |                             \x1b[01;35m\x1b[K~~~~~^~~~~~~\x1b[m\x1b[K\n'}
[8.897925] (rplidar_ros) StderrLine: {'line': b'\x1b[01m\x1b[K/home/isc/tk2_ws/src/rplidar_ros/sdk/src/arch/linux/net_serial.cpp:\x1b[m\x1b[K In member function \xe2\x80\x98\x1b[01m\x1b[Kvirtual int rp::arch::net::raw_serial::\x1b[01;32m\x1b[Kwaitforrecv\x1b[m\x1b[K(_u32, size_t*)\x1b[m\x1b[K\xe2\x80\x99:\n'}
[8.898966] (rplidar_ros) StderrLine: {'line': b'\x1b[01m\x1b[K/home/isc/tk2_ws/src/rplidar_ros/sdk/src/arch/linux/net_serial.cpp:292:34:\x1b[m\x1b[K \x1b[01;35m\x1b[Kwarning: \x1b[m\x1b[Kunused parameter \xe2\x80\x98\x1b[01m\x1b[Ktimeout\x1b[m\x1b[K\xe2\x80\x99 [\x1b[01;35m\x1b[K\x1b]8;;https://gcc.gnu.org/onlinedocs/gcc/Warning-Options.html#index-Wunused-parameter\x07-Wunused-parameter\x1b]8;;\x07\x1b[m\x1b[K]\n'}
[8.903042] (rplidar_ros) StderrLine: {'line': b'  292 | int raw_serial::waitforrecv(\x1b[01;35m\x1b[K_u32 timeout\x1b[m\x1b[K, size_t * returned_size)\n'}
[8.903870] (rplidar_ros) StderrLine: {'line': b'      |                             \x1b[01;35m\x1b[K~~~~~^~~~~~~\x1b[m\x1b[K\n'}
[8.904802] (rplidar_ros) StderrLine: {'line': b'\x1b[01m\x1b[K/home/isc/tk2_ws/src/rplidar_ros/sdk/src/arch/linux/net_serial.cpp:\x1b[m\x1b[K In member function \xe2\x80\x98\x1b[01m\x1b[Kvirtual void rp::arch::net::raw_serial::\x1b[01;32m\x1b[KcancelOperation\x1b[m\x1b[K()\x1b[m\x1b[K\xe2\x80\x99:\n'}
[8.905572] (rplidar_ros) StderrLine: {'line': b'\x1b[01m\x1b[K/home/isc/tk2_ws/src/rplidar_ros/sdk/src/arch/linux/net_serial.cpp:427:5:\x1b[m\x1b[K \x1b[01;35m\x1b[Kwarning: \x1b[m\x1b[Kvalue computed is not used [\x1b[01;35m\x1b[K\x1b]8;;https://gcc.gnu.org/onlinedocs/gcc/Warning-Options.html#index-Wunused-value\x07-Wunused-value\x1b]8;;\x07\x1b[m\x1b[K]\n'}
[8.909405] (rplidar_ros) StderrLine: {'line': b'  427 |     \x1b[01;35m\x1b[K(int)::write(_selfpipe[1], "x", 1)\x1b[m\x1b[K;\n'}
[8.910294] (rplidar_ros) StderrLine: {'line': b'      |     \x1b[01;35m\x1b[K^~~~~~~~~~~~~~~~~~~~~~~~~~~~~~~~~~\x1b[m\x1b[K\n'}
[8.973413] (-) TimerEvent: {}
[9.076390] (-) TimerEvent: {}
[9.177331] (-) TimerEvent: {}
[9.280411] (-) TimerEvent: {}
[9.381395] (-) TimerEvent: {}
[9.482295] (-) TimerEvent: {}
[9.523897] (rplidar_ros) StdoutLine: {'line': b'[ 13%] \x1b[32mBuilding CXX object CMakeFiles/rplidar_node.dir/sdk/src/arch/linux/net_socket.cpp.o\x1b[0m\n'}
[9.582562] (-) TimerEvent: {}
[9.684903] (-) TimerEvent: {}
[9.788367] (-) TimerEvent: {}
[9.889469] (-) TimerEvent: {}
[9.993436] (-) TimerEvent: {}
[10.094322] (-) TimerEvent: {}
[10.195329] (-) TimerEvent: {}
[10.296362] (-) TimerEvent: {}
[10.400765] (-) TimerEvent: {}
[10.501786] (-) TimerEvent: {}
[10.602821] (-) TimerEvent: {}
[10.706383] (-) TimerEvent: {}
[10.807354] (-) TimerEvent: {}
[10.908381] (-) TimerEvent: {}
[11.011784] (-) TimerEvent: {}
[11.112667] (-) TimerEvent: {}
[11.215690] (-) TimerEvent: {}
[11.316809] (-) TimerEvent: {}
[11.420801] (-) TimerEvent: {}
[11.521864] (-) TimerEvent: {}
[11.623099] (-) TimerEvent: {}
[11.725440] (-) TimerEvent: {}
[11.827829] (-) TimerEvent: {}
[11.929895] (-) TimerEvent: {}
[12.032884] (-) TimerEvent: {}
[12.135746] (-) TimerEvent: {}
[12.236919] (-) TimerEvent: {}
[12.340772] (-) TimerEvent: {}
[12.441810] (-) TimerEvent: {}
[12.541072] (rplidar_ros) StderrLine: {'line': b'In file included from \x1b[01m\x1b[K/home/isc/tk2_ws/src/rplidar_ros/sdk/include/rplidar_protocol.h:36\x1b[m\x1b[K,\n'}
[12.542459] (-) TimerEvent: {}
[12.543003] (rplidar_ros) StderrLine: {'line': b'                 from \x1b[01m\x1b[K/home/isc/tk2_ws/src/rplidar_ros/sdk/include/rplidar.h:39\x1b[m\x1b[K,\n'}
[12.544136] (rplidar_ros) StderrLine: {'line': b'                 from \x1b[01m\x1b[K/home/isc/tk2_ws/src/rplidar_ros/sdk/src/sdkcommon.h:49\x1b[m\x1b[K,\n'}
[12.547270] (rplidar_ros) StderrLine: {'line': b'                 from \x1b[01m\x1b[K/home/isc/tk2_ws/src/rplidar_ros/sdk/src/arch/linux/net_socket.cpp:10\x1b[m\x1b[K:\n'}
[12.551072] (rplidar_ros) StderrLine: {'line': b'\x1b[01m\x1b[K/home/isc/tk2_ws/src/rplidar_ros/sdk/include/sl_lidar_protocol.h:66:16:\x1b[m\x1b[K \x1b[01;35m\x1b[Kwarning: \x1b[m\x1b[KISO C++ forbids zero-size array \xe2\x80\x98\x1b[01m\x1b[Kdata\x1b[m\x1b[K\xe2\x80\x99 [\x1b[01;35m\x1b[K\x1b]8;;https://gcc.gnu.org/onlinedocs/gcc/Warning-Options.html#index-Wpedantic\x07-Wpedantic\x1b]8;;\x07\x1b[m\x1b[K]\n'}
[12.552237] (rplidar_ros) StderrLine: {'line': b'   66 |     sl_u8 data[\x1b[01;35m\x1b[K0\x1b[m\x1b[K];\n'}
[12.554468] (rplidar_ros) StderrLine: {'line': b'      |                \x1b[01;35m\x1b[K^\x1b[m\x1b[K\n'}
[12.555352] (rplidar_ros) StderrLine: {'line': b'In file included from \x1b[01m\x1b[K/home/isc/tk2_ws/src/rplidar_ros/sdk/include/rplidar_cmd.h:36\x1b[m\x1b[K,\n'}
[12.556539] (rplidar_ros) StderrLine: {'line': b'                 from \x1b[01m\x1b[K/home/isc/tk2_ws/src/rplidar_ros/sdk/include/rplidar.h:40\x1b[m\x1b[K:\n'}
[12.563085] (rplidar_ros) StderrLine: {'line': b'\x1b[01m\x1b[K/home/isc/tk2_ws/src/rplidar_ros/sdk/include/sl_lidar_cmd.h:324:20:\x1b[m\x1b[K \x1b[01;35m\x1b[Kwarning: \x1b[m\x1b[KISO C++ forbids zero-size array \xe2\x80\x98\x1b[01m\x1b[Kpayload\x1b[m\x1b[K\xe2\x80\x99 [\x1b[01;35m\x1b[K\x1b]8;;https://gcc.gnu.org/onlinedocs/gcc/Warning-Options.html#index-Wpedantic\x07-Wpedantic\x1b]8;;\x07\x1b[m\x1b[K]\n'}
[12.563980] (rplidar_ros) StderrLine: {'line': b'  324 |     sl_u8  payload[\x1b[01;35m\x1b[K0\x1b[m\x1b[K];\n'}
[12.564846] (rplidar_ros) StderrLine: {'line': b'      |                    \x1b[01;35m\x1b[K^\x1b[m\x1b[K\n'}
[12.642767] (-) TimerEvent: {}
[12.743733] (-) TimerEvent: {}
[12.810395] (rplidar_ros) StderrLine: {'line': b'In file included from \x1b[01m\x1b[K/home/isc/tk2_ws/src/rplidar_ros/sdk/src/arch/linux/arch_linux.h:42\x1b[m\x1b[K,\n'}
[12.811881] (rplidar_ros) StderrLine: {'line': b'                 from \x1b[01m\x1b[K/home/isc/tk2_ws/src/rplidar_ros/sdk/src/sdkcommon.h:41\x1b[m\x1b[K:\n'}
[12.813041] (rplidar_ros) StderrLine: {'line': b'\x1b[01m\x1b[K/home/isc/tk2_ws/src/rplidar_ros/sdk/src/arch/linux/net_socket.cpp:\x1b[m\x1b[K In member function \xe2\x80\x98\x1b[01m\x1b[Kvirtual u_result rp::arch::net::DGramSocketImpl::\x1b[01;32m\x1b[KsendTo\x1b[m\x1b[K(const rp::net::SocketAddress*, const void*, size_t)\x1b[m\x1b[K\xe2\x80\x99:\n'}
[12.816631] (rplidar_ros) StderrLine: {'line': b'\x1b[01m\x1b[K/home/isc/tk2_ws/src/rplidar_ros/sdk/src/arch/linux/net_socket.cpp:733:24:\x1b[m\x1b[K \x1b[01;35m\x1b[Kwarning: \x1b[m\x1b[Kcomparison of integer expressions of different signedness: \xe2\x80\x98\x1b[01m\x1b[Kint\x1b[m\x1b[K\xe2\x80\x99 and \xe2\x80\x98\x1b[01m\x1b[Ksize_t\x1b[m\x1b[K\xe2\x80\x99 {aka \xe2\x80\x98\x1b[01m\x1b[Klong unsigned int\x1b[m\x1b[K\xe2\x80\x99} [\x1b[01;35m\x1b[K\x1b]8;;https://gcc.gnu.org/onlinedocs/gcc/Warning-Options.html#index-Wsign-compare\x07-Wsign-compare\x1b]8;;\x07\x1b[m\x1b[K]\n'}
[12.817997] (rplidar_ros) StderrLine: {'line': b'  733 |             assert(\x1b[01;35m\x1b[Kans == len\x1b[m\x1b[K);\n'}
[12.822371] (rplidar_ros) StderrLine: {'line': b'      |                    \x1b[01;35m\x1b[K~~~~^~~~~~\x1b[m\x1b[K\n'}
[12.846450] (-) TimerEvent: {}
[12.949418] (-) TimerEvent: {}
[13.050388] (-) TimerEvent: {}
[13.153382] (-) TimerEvent: {}
[13.254273] (-) TimerEvent: {}
[13.355236] (-) TimerEvent: {}
[13.457439] (-) TimerEvent: {}
[13.560433] (-) TimerEvent: {}
[13.661649] (-) TimerEvent: {}
[13.763675] (-) TimerEvent: {}
[13.867412] (-) TimerEvent: {}
[13.900420] (rplidar_ros) StdoutLine: {'line': b'[ 15%] \x1b[32mBuilding CXX object CMakeFiles/rplidar_node.dir/sdk/src/arch/linux/timer.cpp.o\x1b[0m\n'}
[13.970389] (-) TimerEvent: {}
[14.071256] (-) TimerEvent: {}
[14.172043] (-) TimerEvent: {}
[14.272900] (-) TimerEvent: {}
[14.375437] (-) TimerEvent: {}
[14.476257] (-) TimerEvent: {}
[14.579398] (-) TimerEvent: {}
[14.680164] (-) TimerEvent: {}
[14.781003] (-) TimerEvent: {}
[14.884390] (-) TimerEvent: {}
[14.985285] (-) TimerEvent: {}
[15.086266] (-) TimerEvent: {}
[15.188378] (-) TimerEvent: {}
[15.290381] (-) TimerEvent: {}
[15.391246] (-) TimerEvent: {}
[15.494452] (-) TimerEvent: {}
[15.595642] (-) TimerEvent: {}
[15.699394] (-) TimerEvent: {}
[15.800463] (-) TimerEvent: {}
[15.901400] (-) TimerEvent: {}
[16.003374] (-) TimerEvent: {}
[16.104240] (-) TimerEvent: {}
[16.207385] (-) TimerEvent: {}
[16.308313] (-) TimerEvent: {}
[16.411401] (-) TimerEvent: {}
[16.512325] (-) TimerEvent: {}
[16.613248] (-) TimerEvent: {}
[16.714446] (-) TimerEvent: {}
[16.818364] (-) TimerEvent: {}
[16.919245] (-) TimerEvent: {}
[16.952263] (rplidar_ros) StdoutLine: {'line': b'[ 18%] \x1b[32mBuilding CXX object CMakeFiles/rplidar_composition.dir/sdk/src/arch/linux/net_serial.cpp.o\x1b[0m\n'}
[17.020366] (-) TimerEvent: {}
[17.123768] (-) TimerEvent: {}
[17.224765] (-) TimerEvent: {}
[17.327363] (-) TimerEvent: {}
[17.428278] (-) TimerEvent: {}
[17.531357] (-) TimerEvent: {}
[17.632127] (-) TimerEvent: {}
[17.732983] (-) TimerEvent: {}
[17.833922] (-) TimerEvent: {}
[17.938126] (-) TimerEvent: {}
[18.039260] (-) TimerEvent: {}
[18.142826] (-) TimerEvent: {}
[18.243819] (-) TimerEvent: {}
[18.346413] (-) TimerEvent: {}
[18.447389] (-) TimerEvent: {}
[18.549429] (-) TimerEvent: {}
[18.650332] (-) TimerEvent: {}
[18.753819] (-) TimerEvent: {}
[18.854964] (-) TimerEvent: {}
[18.957402] (-) TimerEvent: {}
[19.058351] (-) TimerEvent: {}
[19.161391] (-) TimerEvent: {}
[19.262379] (-) TimerEvent: {}
[19.365462] (-) TimerEvent: {}
[19.466477] (-) TimerEvent: {}
[19.567392] (-) TimerEvent: {}
[19.669384] (-) TimerEvent: {}
[19.772910] (-) TimerEvent: {}
[19.874082] (-) TimerEvent: {}
[19.963392] (rplidar_ros) StderrLine: {'line': b'\x1b[01m\x1b[K/home/isc/tk2_ws/src/rplidar_ros/sdk/src/arch/linux/net_serial.cpp:\x1b[m\x1b[K In member function \xe2\x80\x98\x1b[01m\x1b[Kbool rp::arch::net::raw_serial::\x1b[01;32m\x1b[Kopen\x1b[m\x1b[K(const char*, uint32_t, uint32_t)\x1b[m\x1b[K\xe2\x80\x99:\n'}
[19.964582] (rplidar_ros) StderrLine: {'line': b'\x1b[01m\x1b[K/home/isc/tk2_ws/src/rplidar_ros/sdk/src/arch/linux/net_serial.cpp:97:74:\x1b[m\x1b[K \x1b[01;35m\x1b[Kwarning: \x1b[m\x1b[Kunused parameter \xe2\x80\x98\x1b[01m\x1b[Kflags\x1b[m\x1b[K\xe2\x80\x99 [\x1b[01;35m\x1b[K\x1b]8;;https://gcc.gnu.org/onlinedocs/gcc/Warning-Options.html#index-Wunused-parameter\x07-Wunused-parameter\x1b]8;;\x07\x1b[m\x1b[K]\n'}
[19.965530] (rplidar_ros) StderrLine: {'line': b'   97 | bool raw_serial::open(const char * portname, uint32_t baudrate, \x1b[01;35m\x1b[Kuint32_t flags\x1b[m\x1b[K)\n'}
[19.969702] (rplidar_ros) StderrLine: {'line': b'      |                                                                 \x1b[01;35m\x1b[K~~~~~~~~~^~~~~\x1b[m\x1b[K\n'}
[19.970644] (rplidar_ros) StderrLine: {'line': b'\x1b[01m\x1b[K/home/isc/tk2_ws/src/rplidar_ros/sdk/src/arch/linux/net_serial.cpp:\x1b[m\x1b[K In member function \xe2\x80\x98\x1b[01m\x1b[Kvirtual void rp::arch::net::raw_serial::\x1b[01;32m\x1b[Kflush\x1b[m\x1b[K(_u32)\x1b[m\x1b[K\xe2\x80\x99:\n'}
[19.972152] (rplidar_ros) StderrLine: {'line': b'\x1b[01m\x1b[K/home/isc/tk2_ws/src/rplidar_ros/sdk/src/arch/linux/net_serial.cpp:281:30:\x1b[m\x1b[K \x1b[01;35m\x1b[Kwarning: \x1b[m\x1b[Kunused parameter \xe2\x80\x98\x1b[01m\x1b[Kflags\x1b[m\x1b[K\xe2\x80\x99 [\x1b[01;35m\x1b[K\x1b]8;;https://gcc.gnu.org/onlinedocs/gcc/Warning-Options.html#index-Wunused-parameter\x07-Wunused-parameter\x1b]8;;\x07\x1b[m\x1b[K]\n'}
[19.975380] (-) TimerEvent: {}
[19.975912] (rplidar_ros) StderrLine: {'line': b'  281 | void raw_serial::flush( \x1b[01;35m\x1b[K_u32 flags\x1b[m\x1b[K)\n'}
[19.976964] (rplidar_ros) StderrLine: {'line': b'      |                         \x1b[01;35m\x1b[K~~~~~^~~~~\x1b[m\x1b[K\n'}
[19.981289] (rplidar_ros) StderrLine: {'line': b'\x1b[01m\x1b[K/home/isc/tk2_ws/src/rplidar_ros/sdk/src/arch/linux/net_serial.cpp:\x1b[m\x1b[K In member function \xe2\x80\x98\x1b[01m\x1b[Kvirtual int rp::arch::net::raw_serial::\x1b[01;32m\x1b[Kwaitforsent\x1b[m\x1b[K(_u32, size_t*)\x1b[m\x1b[K\xe2\x80\x99:\n'}
[19.982209] (rplidar_ros) StderrLine: {'line': b'\x1b[01m\x1b[K/home/isc/tk2_ws/src/rplidar_ros/sdk/src/arch/linux/net_serial.cpp:286:34:\x1b[m\x1b[K \x1b[01;35m\x1b[Kwarning: \x1b[m\x1b[Kunused parameter \xe2\x80\x98\x1b[01m\x1b[Ktimeout\x1b[m\x1b[K\xe2\x80\x99 [\x1b[01;35m\x1b[K\x1b]8;;https://gcc.gnu.org/onlinedocs/gcc/Warning-Options.html#index-Wunused-parameter\x07-Wunused-parameter\x1b]8;;\x07\x1b[m\x1b[K]\n'}
[19.983109] (rplidar_ros) StderrLine: {'line': b'  286 | int raw_serial::waitforsent(\x1b[01;35m\x1b[K_u32 timeout\x1b[m\x1b[K, size_t * returned_size)\n'}
[20.000557] (rplidar_ros) StderrLine: {'line': b'      |                             \x1b[01;35m\x1b[K~~~~~^~~~~~~\x1b[m\x1b[K\n'}
[20.002519] (rplidar_ros) StderrLine: {'line': b'\x1b[01m\x1b[K/home/isc/tk2_ws/src/rplidar_ros/sdk/src/arch/linux/net_serial.cpp:\x1b[m\x1b[K In member function \xe2\x80\x98\x1b[01m\x1b[Kvirtual int rp::arch::net::raw_serial::\x1b[01;32m\x1b[Kwaitforrecv\x1b[m\x1b[K(_u32, size_t*)\x1b[m\x1b[K\xe2\x80\x99:\n'}
[20.005566] (rplidar_ros) StderrLine: {'line': b'\x1b[01m\x1b[K/home/isc/tk2_ws/src/rplidar_ros/sdk/src/arch/linux/net_serial.cpp:292:34:\x1b[m\x1b[K \x1b[01;35m\x1b[Kwarning: \x1b[m\x1b[Kunused parameter \xe2\x80\x98\x1b[01m\x1b[Ktimeout\x1b[m\x1b[K\xe2\x80\x99 [\x1b[01;35m\x1b[K\x1b]8;;https://gcc.gnu.org/onlinedocs/gcc/Warning-Options.html#index-Wunused-parameter\x07-Wunused-parameter\x1b]8;;\x07\x1b[m\x1b[K]\n'}
[20.006568] (rplidar_ros) StderrLine: {'line': b'  292 | int raw_serial::waitforrecv(\x1b[01;35m\x1b[K_u32 timeout\x1b[m\x1b[K, size_t * returned_size)\n'}
[20.007409] (rplidar_ros) StderrLine: {'line': b'      |                             \x1b[01;35m\x1b[K~~~~~^~~~~~~\x1b[m\x1b[K\n'}
[20.011320] (rplidar_ros) StderrLine: {'line': b'\x1b[01m\x1b[K/home/isc/tk2_ws/src/rplidar_ros/sdk/src/arch/linux/net_serial.cpp:\x1b[m\x1b[K In member function \xe2\x80\x98\x1b[01m\x1b[Kvirtual void rp::arch::net::raw_serial::\x1b[01;32m\x1b[KcancelOperation\x1b[m\x1b[K()\x1b[m\x1b[K\xe2\x80\x99:\n'}
[20.012522] (rplidar_ros) StderrLine: {'line': b'\x1b[01m\x1b[K/home/isc/tk2_ws/src/rplidar_ros/sdk/src/arch/linux/net_serial.cpp:427:5:\x1b[m\x1b[K \x1b[01;35m\x1b[Kwarning: \x1b[m\x1b[Kvalue computed is not used [\x1b[01;35m\x1b[K\x1b]8;;https://gcc.gnu.org/onlinedocs/gcc/Warning-Options.html#index-Wunused-value\x07-Wunused-value\x1b]8;;\x07\x1b[m\x1b[K]\n'}
[20.013455] (rplidar_ros) StderrLine: {'line': b'  427 |     \x1b[01;35m\x1b[K(int)::write(_selfpipe[1], "x", 1)\x1b[m\x1b[K;\n'}
[20.017348] (rplidar_ros) StderrLine: {'line': b'      |     \x1b[01;35m\x1b[K^~~~~~~~~~~~~~~~~~~~~~~~~~~~~~~~~~\x1b[m\x1b[K\n'}
[20.078390] (-) TimerEvent: {}
[20.179286] (-) TimerEvent: {}
[20.280126] (-) TimerEvent: {}
[20.381248] (-) TimerEvent: {}
[20.485353] (-) TimerEvent: {}
[20.582002] (rplidar_ros) StdoutLine: {'line': b'[ 21%] \x1b[32mBuilding CXX object CMakeFiles/rplidar_node.dir/sdk/src/dataunpacker/dataunpacker.cpp.o\x1b[0m\n'}
[20.588360] (-) TimerEvent: {}
[20.689250] (-) TimerEvent: {}
[20.790143] (-) TimerEvent: {}
[20.893375] (-) TimerEvent: {}
[20.973977] (rplidar_ros) StderrLine: {'line': b'In file included from \x1b[01m\x1b[K/home/isc/tk2_ws/src/rplidar_ros/sdk/include/sl_lidar_cmd.h:41\x1b[m\x1b[K,\n'}
[20.975019] (rplidar_ros) StderrLine: {'line': b'                 from \x1b[01m\x1b[K/home/isc/tk2_ws/src/rplidar_ros/sdk/include/sl_lidar_driver.h:54\x1b[m\x1b[K,\n'}
[20.975730] (rplidar_ros) StderrLine: {'line': b'                 from \x1b[01m\x1b[K/home/isc/tk2_ws/src/rplidar_ros/sdk/include/sl_lidar.h:36\x1b[m\x1b[K,\n'}
[20.979449] (rplidar_ros) StderrLine: {'line': b'                 from \x1b[01m\x1b[K/home/isc/tk2_ws/src/rplidar_ros/src/rplidar_node.cpp:38\x1b[m\x1b[K:\n'}
[20.980249] (rplidar_ros) StderrLine: {'line': b'\x1b[01m\x1b[K/home/isc/tk2_ws/src/rplidar_ros/sdk/include/sl_lidar_protocol.h:66:16:\x1b[m\x1b[K \x1b[01;35m\x1b[Kwarning: \x1b[m\x1b[KISO C++ forbids zero-size array \xe2\x80\x98\x1b[01m\x1b[Kdata\x1b[m\x1b[K\xe2\x80\x99 [\x1b[01;35m\x1b[K\x1b]8;;https://gcc.gnu.org/onlinedocs/gcc/Warning-Options.html#index-Wpedantic\x07-Wpedantic\x1b]8;;\x07\x1b[m\x1b[K]\n'}
[20.980926] (rplidar_ros) StderrLine: {'line': b'   66 |     sl_u8 data[\x1b[01;35m\x1b[K0\x1b[m\x1b[K];\n'}
[20.981539] (rplidar_ros) StderrLine: {'line': b'      |                \x1b[01;35m\x1b[K^\x1b[m\x1b[K\n'}
[20.982125] (rplidar_ros) StderrLine: {'line': b'\x1b[01m\x1b[K/home/isc/tk2_ws/src/rplidar_ros/sdk/include/sl_lidar_cmd.h:324:20:\x1b[m\x1b[K \x1b[01;35m\x1b[Kwarning: \x1b[m\x1b[KISO C++ forbids zero-size array \xe2\x80\x98\x1b[01m\x1b[Kpayload\x1b[m\x1b[K\xe2\x80\x99 [\x1b[01;35m\x1b[K\x1b]8;;https://gcc.gnu.org/onlinedocs/gcc/Warning-Options.html#index-Wpedantic\x07-Wpedantic\x1b]8;;\x07\x1b[m\x1b[K]\n'}
[20.986052] (rplidar_ros) StderrLine: {'line': b'  324 |     sl_u8  payload[\x1b[01;35m\x1b[K0\x1b[m\x1b[K];\n'}
[20.986785] (rplidar_ros) StderrLine: {'line': b'      |                    \x1b[01;35m\x1b[K^\x1b[m\x1b[K\n'}
[20.996376] (-) TimerEvent: {}
[21.097292] (-) TimerEvent: {}
[21.198115] (-) TimerEvent: {}
[21.260708] (rplidar_ros) StderrLine: {'line': b'In file included from \x1b[01m\x1b[K/home/isc/tk2_ws/src/rplidar_ros/sdk/include/sl_lidar_cmd.h:41\x1b[m\x1b[K,\n'}
[21.264291] (rplidar_ros) StderrLine: {'line': b'                 from \x1b[01m\x1b[K/home/isc/tk2_ws/src/rplidar_ros/sdk/include/sl_lidar_driver.h:54\x1b[m\x1b[K,\n'}
[21.264915] (rplidar_ros) StderrLine: {'line': b'                 from \x1b[01m\x1b[K/home/isc/tk2_ws/src/rplidar_ros/sdk/include/sl_lidar.h:36\x1b[m\x1b[K,\n'}
[21.265511] (rplidar_ros) StderrLine: {'line': b'                 from \x1b[01m\x1b[K/home/isc/tk2_ws/src/rplidar_ros/src/rplidar_node.cpp:38\x1b[m\x1b[K:\n'}
[21.266071] (rplidar_ros) StderrLine: {'line': b'\x1b[01m\x1b[K/home/isc/tk2_ws/src/rplidar_ros/sdk/include/sl_lidar_protocol.h:66:16:\x1b[m\x1b[K \x1b[01;35m\x1b[Kwarning: \x1b[m\x1b[KISO C++ forbids zero-size array \xe2\x80\x98\x1b[01m\x1b[Kdata\x1b[m\x1b[K\xe2\x80\x99 [\x1b[01;35m\x1b[K\x1b]8;;https://gcc.gnu.org/onlinedocs/gcc/Warning-Options.html#index-Wpedantic\x07-Wpedantic\x1b]8;;\x07\x1b[m\x1b[K]\n'}
[21.266733] (rplidar_ros) StderrLine: {'line': b'   66 |     sl_u8 data[\x1b[01;35m\x1b[K0\x1b[m\x1b[K];\n'}
[21.269409] (rplidar_ros) StderrLine: {'line': b'      |                \x1b[01;35m\x1b[K^\x1b[m\x1b[K\n'}
[21.270138] (rplidar_ros) StderrLine: {'line': b'\x1b[01m\x1b[K/home/isc/tk2_ws/src/rplidar_ros/sdk/include/sl_lidar_cmd.h:324:20:\x1b[m\x1b[K \x1b[01;35m\x1b[Kwarning: \x1b[m\x1b[KISO C++ forbids zero-size array \xe2\x80\x98\x1b[01m\x1b[Kpayload\x1b[m\x1b[K\xe2\x80\x99 [\x1b[01;35m\x1b[K\x1b]8;;https://gcc.gnu.org/onlinedocs/gcc/Warning-Options.html#index-Wpedantic\x07-Wpedantic\x1b]8;;\x07\x1b[m\x1b[K]\n'}
[21.270774] (rplidar_ros) StderrLine: {'line': b'  324 |     sl_u8  payload[\x1b[01;35m\x1b[K0\x1b[m\x1b[K];\n'}
[21.271365] (rplidar_ros) StderrLine: {'line': b'      |                    \x1b[01;35m\x1b[K^\x1b[m\x1b[K\n'}
[21.301361] (-) TimerEvent: {}
[21.403370] (-) TimerEvent: {}
[21.504156] (-) TimerEvent: {}
[21.607392] (-) TimerEvent: {}
[21.708269] (-) TimerEvent: {}
[21.809363] (-) TimerEvent: {}
[21.912807] (-) TimerEvent: {}
[22.013722] (-) TimerEvent: {}
[22.117423] (-) TimerEvent: {}
[22.218407] (-) TimerEvent: {}
[22.319356] (-) TimerEvent: {}
[22.422416] (-) TimerEvent: {}
[22.523403] (-) TimerEvent: {}
[22.624388] (-) TimerEvent: {}
[22.727379] (-) TimerEvent: {}
[22.828381] (-) TimerEvent: {}
[22.930715] (-) TimerEvent: {}
[23.034387] (-) TimerEvent: {}
[23.135357] (-) TimerEvent: {}
[23.236413] (-) TimerEvent: {}
[23.339378] (-) TimerEvent: {}
[23.398961] (rplidar_ros) StderrLine: {'line': b'In file included from \x1b[01m\x1b[K/home/isc/tk2_ws/src/rplidar_ros/sdk/include/rplidar_protocol.h:36\x1b[m\x1b[K,\n'}
[23.401422] (rplidar_ros) StderrLine: {'line': b'                 from \x1b[01m\x1b[K/home/isc/tk2_ws/src/rplidar_ros/sdk/include/rplidar.h:39\x1b[m\x1b[K,\n'}
[23.402420] (rplidar_ros) StderrLine: {'line': b'                 from \x1b[01m\x1b[K/home/isc/tk2_ws/src/rplidar_ros/sdk/src/sdkcommon.h:49\x1b[m\x1b[K,\n'}
[23.403252] (rplidar_ros) StderrLine: {'line': b'                 from \x1b[01m\x1b[K/home/isc/tk2_ws/src/rplidar_ros/sdk/src/dataunpacker/dataunnpacker_commondef.h:41\x1b[m\x1b[K,\n'}
[23.408216] (rplidar_ros) StderrLine: {'line': b'                 from \x1b[01m\x1b[K/home/isc/tk2_ws/src/rplidar_ros/sdk/src/dataunpacker/dataunpacker.cpp:39\x1b[m\x1b[K:\n'}
[23.408941] (rplidar_ros) StderrLine: {'line': b'\x1b[01m\x1b[K/home/isc/tk2_ws/src/rplidar_ros/sdk/include/sl_lidar_protocol.h:66:16:\x1b[m\x1b[K \x1b[01;35m\x1b[Kwarning: \x1b[m\x1b[KISO C++ forbids zero-size array \xe2\x80\x98\x1b[01m\x1b[Kdata\x1b[m\x1b[K\xe2\x80\x99 [\x1b[01;35m\x1b[K\x1b]8;;https://gcc.gnu.org/onlinedocs/gcc/Warning-Options.html#index-Wpedantic\x07-Wpedantic\x1b]8;;\x07\x1b[m\x1b[K]\n'}
[23.409772] (rplidar_ros) StderrLine: {'line': b'   66 |     sl_u8 data[\x1b[01;35m\x1b[K0\x1b[m\x1b[K];\n'}
[23.411877] (rplidar_ros) StderrLine: {'line': b'      |                \x1b[01;35m\x1b[K^\x1b[m\x1b[K\n'}
[23.412781] (rplidar_ros) StderrLine: {'line': b'In file included from \x1b[01m\x1b[K/home/isc/tk2_ws/src/rplidar_ros/sdk/include/rplidar_cmd.h:36\x1b[m\x1b[K,\n'}
[23.414007] (rplidar_ros) StderrLine: {'line': b'                 from \x1b[01m\x1b[K/home/isc/tk2_ws/src/rplidar_ros/sdk/include/rplidar.h:40\x1b[m\x1b[K:\n'}
[23.418125] (rplidar_ros) StderrLine: {'line': b'\x1b[01m\x1b[K/home/isc/tk2_ws/src/rplidar_ros/sdk/include/sl_lidar_cmd.h:324:20:\x1b[m\x1b[K \x1b[01;35m\x1b[Kwarning: \x1b[m\x1b[KISO C++ forbids zero-size array \xe2\x80\x98\x1b[01m\x1b[Kpayload\x1b[m\x1b[K\xe2\x80\x99 [\x1b[01;35m\x1b[K\x1b]8;;https://gcc.gnu.org/onlinedocs/gcc/Warning-Options.html#index-Wpedantic\x07-Wpedantic\x1b]8;;\x07\x1b[m\x1b[K]\n'}
[23.422324] (rplidar_ros) StderrLine: {'line': b'  324 |     sl_u8  payload[\x1b[01;35m\x1b[K0\x1b[m\x1b[K];\n'}
[23.426358] (rplidar_ros) StderrLine: {'line': b'      |                    \x1b[01;35m\x1b[K^\x1b[m\x1b[K\n'}
[23.439685] (-) TimerEvent: {}
[23.540643] (-) TimerEvent: {}
[23.641544] (-) TimerEvent: {}
[23.743392] (-) TimerEvent: {}
[23.845407] (-) TimerEvent: {}
[23.948416] (-) TimerEvent: {}
[24.049594] (-) TimerEvent: {}
[24.070675] (rplidar_ros) StderrLine: {'line': b'In file included from \x1b[01m\x1b[K/home/isc/tk2_ws/src/rplidar_ros/sdk/src/dataunpacker/dataunpacker.cpp:40\x1b[m\x1b[K:\n'}
[24.072285] (rplidar_ros) StderrLine: {'line': b'\x1b[01m\x1b[K/home/isc/tk2_ws/src/rplidar_ros/sdk/src/dataunpacker/dataunpacker.h:\x1b[m\x1b[K In member function \xe2\x80\x98\x1b[01m\x1b[Kvirtual void sl::internal::LIDARSampleDataListener::\x1b[01;32m\x1b[KonCustomSampleDataDecoded\x1b[m\x1b[K(_u8, _u32, const void*, size_t)\x1b[m\x1b[K\xe2\x80\x99:\n'}
[24.073526] (rplidar_ros) StderrLine: {'line': b'\x1b[01m\x1b[K/home/isc/tk2_ws/src/rplidar_ros/sdk/src/dataunpacker/dataunpacker.h:54:52:\x1b[m\x1b[K \x1b[01;35m\x1b[Kwarning: \x1b[m\x1b[Kunused parameter \xe2\x80\x98\x1b[01m\x1b[KansType\x1b[m\x1b[K\xe2\x80\x99 [\x1b[01;35m\x1b[K\x1b]8;;https://gcc.gnu.org/onlinedocs/gcc/Warning-Options.html#index-Wunused-parameter\x07-Wunused-parameter\x1b]8;;\x07\x1b[m\x1b[K]\n'}
[24.077398] (rplidar_ros) StderrLine: {'line': b'   54 |         virtual void onCustomSampleDataDecoded(\x1b[01;35m\x1b[K_u8 ansType\x1b[m\x1b[K, _u32 customCode, const void* data, size_t size) {}\n'}
[24.078621] (rplidar_ros) StderrLine: {'line': b'      |                                                \x1b[01;35m\x1b[K~~~~^~~~~~~\x1b[m\x1b[K\n'}
[24.085138] (rplidar_ros) StderrLine: {'line': b'\x1b[01m\x1b[K/home/isc/tk2_ws/src/rplidar_ros/sdk/src/dataunpacker/dataunpacker.h:54:66:\x1b[m\x1b[K \x1b[01;35m\x1b[Kwarning: \x1b[m\x1b[Kunused parameter \xe2\x80\x98\x1b[01m\x1b[KcustomCode\x1b[m\x1b[K\xe2\x80\x99 [\x1b[01;35m\x1b[K\x1b]8;;https://gcc.gnu.org/onlinedocs/gcc/Warning-Options.html#index-Wunused-parameter\x07-Wunused-parameter\x1b]8;;\x07\x1b[m\x1b[K]\n'}
[24.086395] (rplidar_ros) StderrLine: {'line': b'   54 |         virtual void onCustomSampleDataDecoded(_u8 ansType, \x1b[01;35m\x1b[K_u32 customCode\x1b[m\x1b[K, const void* data, size_t size) {}\n'}
[24.090818] (rplidar_ros) StderrLine: {'line': b'      |                                                             \x1b[01;35m\x1b[K~~~~~^~~~~~~~~~\x1b[m\x1b[K\n'}
[24.092242] (rplidar_ros) StderrLine: {'line': b'\x1b[01m\x1b[K/home/isc/tk2_ws/src/rplidar_ros/sdk/src/dataunpacker/dataunpacker.h:54:90:\x1b[m\x1b[K \x1b[01;35m\x1b[Kwarning: \x1b[m\x1b[Kunused parameter \xe2\x80\x98\x1b[01m\x1b[Kdata\x1b[m\x1b[K\xe2\x80\x99 [\x1b[01;35m\x1b[K\x1b]8;;https://gcc.gnu.org/onlinedocs/gcc/Warning-Options.html#index-Wunused-parameter\x07-Wunused-parameter\x1b]8;;\x07\x1b[m\x1b[K]\n'}
[24.096559] (rplidar_ros) StderrLine: {'line': b'   54 |         virtual void onCustomSampleDataDecoded(_u8 ansType, _u32 customCode, \x1b[01;35m\x1b[Kconst void* data\x1b[m\x1b[K, size_t size) {}\n'}
[24.097945] (rplidar_ros) StderrLine: {'line': b'      |                                                                              \x1b[01;35m\x1b[K~~~~~~~~~~~~^~~~\x1b[m\x1b[K\n'}
[24.099100] (rplidar_ros) StderrLine: {'line': b'\x1b[01m\x1b[K/home/isc/tk2_ws/src/rplidar_ros/sdk/src/dataunpacker/dataunpacker.h:54:103:\x1b[m\x1b[K \x1b[01;35m\x1b[Kwarning: \x1b[m\x1b[Kunused parameter \xe2\x80\x98\x1b[01m\x1b[Ksize\x1b[m\x1b[K\xe2\x80\x99 [\x1b[01;35m\x1b[K\x1b]8;;https://gcc.gnu.org/onlinedocs/gcc/Warning-Options.html#index-Wunused-parameter\x07-Wunused-parameter\x1b]8;;\x07\x1b[m\x1b[K]\n'}
[24.103483] (rplidar_ros) StderrLine: {'line': b'   54 |         virtual void onCustomSampleDataDecoded(_u8 ansType, _u32 customCode, const void* data, \x1b[01;35m\x1b[Ksize_t size\x1b[m\x1b[K) {}\n'}
[24.104757] (rplidar_ros) StderrLine: {'line': b'      |                                                                                                \x1b[01;35m\x1b[K~~~~~~~^~~~\x1b[m\x1b[K\n'}
[24.109244] (rplidar_ros) StderrLine: {'line': b'\x1b[01m\x1b[K/home/isc/tk2_ws/src/rplidar_ros/sdk/src/dataunpacker/dataunpacker.h:\x1b[m\x1b[K In member function \xe2\x80\x98\x1b[01m\x1b[Kvirtual void sl::internal::LIDARSampleDataListener::\x1b[01;32m\x1b[KonDecodingError\x1b[m\x1b[K(int, _u8, const void*, size_t)\x1b[m\x1b[K\xe2\x80\x99:\n'}
[24.110474] (rplidar_ros) StderrLine: {'line': b'\x1b[01m\x1b[K/home/isc/tk2_ws/src/rplidar_ros/sdk/src/dataunpacker/dataunpacker.h:56:42:\x1b[m\x1b[K \x1b[01;35m\x1b[Kwarning: \x1b[m\x1b[Kunused parameter \xe2\x80\x98\x1b[01m\x1b[KerrMsg\x1b[m\x1b[K\xe2\x80\x99 [\x1b[01;35m\x1b[K\x1b]8;;https://gcc.gnu.org/onlinedocs/gcc/Warning-Options.html#index-Wunused-parameter\x07-Wunused-parameter\x1b]8;;\x07\x1b[m\x1b[K]\n'}
[24.114933] (rplidar_ros) StderrLine: {'line': b'   56 |         virtual void onDecodingError(\x1b[01;35m\x1b[Kint errMsg\x1b[m\x1b[K, _u8 ansType, const void* payload, size_t size) {}\n'}
[24.116304] (rplidar_ros) StderrLine: {'line': b'      |                                      \x1b[01;35m\x1b[K~~~~^~~~~~\x1b[m\x1b[K\n'}
[24.120633] (rplidar_ros) StderrLine: {'line': b'\x1b[01m\x1b[K/home/isc/tk2_ws/src/rplidar_ros/sdk/src/dataunpacker/dataunpacker.h:56:54:\x1b[m\x1b[K \x1b[01;35m\x1b[Kwarning: \x1b[m\x1b[Kunused parameter \xe2\x80\x98\x1b[01m\x1b[KansType\x1b[m\x1b[K\xe2\x80\x99 [\x1b[01;35m\x1b[K\x1b]8;;https://gcc.gnu.org/onlinedocs/gcc/Warning-Options.html#index-Wunused-parameter\x07-Wunused-parameter\x1b]8;;\x07\x1b[m\x1b[K]\n'}
[24.121774] (rplidar_ros) StderrLine: {'line': b'   56 |         virtual void onDecodingError(int errMsg, \x1b[01;35m\x1b[K_u8 ansType\x1b[m\x1b[K, const void* payload, size_t size) {}\n'}
[24.122634] (rplidar_ros) StderrLine: {'line': b'      |                                                  \x1b[01;35m\x1b[K~~~~^~~~~~~\x1b[m\x1b[K\n'}
[24.126587] (rplidar_ros) StderrLine: {'line': b'\x1b[01m\x1b[K/home/isc/tk2_ws/src/rplidar_ros/sdk/src/dataunpacker/dataunpacker.h:56:75:\x1b[m\x1b[K \x1b[01;35m\x1b[Kwarning: \x1b[m\x1b[Kunused parameter \xe2\x80\x98\x1b[01m\x1b[Kpayload\x1b[m\x1b[K\xe2\x80\x99 [\x1b[01;35m\x1b[K\x1b]8;;https://gcc.gnu.org/onlinedocs/gcc/Warning-Options.html#index-Wunused-parameter\x07-Wunused-parameter\x1b]8;;\x07\x1b[m\x1b[K]\n'}
[24.127635] (rplidar_ros) StderrLine: {'line': b'   56 |         virtual void onDecodingError(int errMsg, _u8 ansType, \x1b[01;35m\x1b[Kconst void* payload\x1b[m\x1b[K, size_t size) {}\n'}
[24.128509] (rplidar_ros) StderrLine: {'line': b'      |                                                               \x1b[01;35m\x1b[K~~~~~~~~~~~~^~~~~~~\x1b[m\x1b[K\n'}
[24.132625] (rplidar_ros) StderrLine: {'line': b'\x1b[01m\x1b[K/home/isc/tk2_ws/src/rplidar_ros/sdk/src/dataunpacker/dataunpacker.h:56:91:\x1b[m\x1b[K \x1b[01;35m\x1b[Kwarning: \x1b[m\x1b[Kunused parameter \xe2\x80\x98\x1b[01m\x1b[Ksize\x1b[m\x1b[K\xe2\x80\x99 [\x1b[01;35m\x1b[K\x1b]8;;https://gcc.gnu.org/onlinedocs/gcc/Warning-Options.html#index-Wunused-parameter\x07-Wunused-parameter\x1b]8;;\x07\x1b[m\x1b[K]\n'}
[24.133605] (rplidar_ros) StderrLine: {'line': b'   56 |         virtual void onDecodingError(int errMsg, _u8 ansType, const void* payload, \x1b[01;35m\x1b[Ksize_t size\x1b[m\x1b[K) {}\n'}
[24.134536] (rplidar_ros) StderrLine: {'line': b'      |                                                                                    \x1b[01;35m\x1b[K~~~~~~~^~~~\x1b[m\x1b[K\n'}
[24.149850] (-) TimerEvent: {}
[24.250825] (-) TimerEvent: {}
[24.351730] (-) TimerEvent: {}
[24.455683] (-) TimerEvent: {}
[24.556619] (-) TimerEvent: {}
[24.657517] (-) TimerEvent: {}
[24.760387] (-) TimerEvent: {}
[24.861365] (-) TimerEvent: {}
[24.962261] (-) TimerEvent: {}
[25.065386] (-) TimerEvent: {}
[25.166340] (-) TimerEvent: {}
[25.270381] (-) TimerEvent: {}
[25.327149] (rplidar_ros) StdoutLine: {'line': b'[ 23%] \x1b[32mBuilding CXX object CMakeFiles/rplidar_composition.dir/sdk/src/arch/linux/net_socket.cpp.o\x1b[0m\n'}
[25.370751] (-) TimerEvent: {}
[25.473648] (-) TimerEvent: {}
[25.574506] (-) TimerEvent: {}
[25.677754] (-) TimerEvent: {}
[25.778661] (-) TimerEvent: {}
[25.879465] (-) TimerEvent: {}
[25.982385] (-) TimerEvent: {}
[26.083231] (-) TimerEvent: {}
[26.183976] (-) TimerEvent: {}
[26.287358] (-) TimerEvent: {}
[26.388214] (-) TimerEvent: {}
[26.489036] (-) TimerEvent: {}
[26.591427] (-) TimerEvent: {}
[26.694428] (-) TimerEvent: {}
[26.795314] (-) TimerEvent: {}
[26.896232] (-) TimerEvent: {}
[26.998417] (-) TimerEvent: {}
[27.100389] (-) TimerEvent: {}
[27.201330] (-) TimerEvent: {}
[27.304394] (-) TimerEvent: {}
[27.405360] (-) TimerEvent: {}
[27.509378] (-) TimerEvent: {}
[27.610312] (-) TimerEvent: {}
[27.711419] (-) TimerEvent: {}
[27.814464] (-) TimerEvent: {}
[27.915535] (-) TimerEvent: {}
[28.019421] (-) TimerEvent: {}
[28.120706] (-) TimerEvent: {}
[28.224434] (-) TimerEvent: {}
[28.325607] (-) TimerEvent: {}
[28.429369] (-) TimerEvent: {}
[28.530377] (-) TimerEvent: {}
[28.631241] (-) TimerEvent: {}
[28.712809] (rplidar_ros) StderrLine: {'line': b'In file included from \x1b[01m\x1b[K/home/isc/tk2_ws/src/rplidar_ros/sdk/include/rplidar_protocol.h:36\x1b[m\x1b[K,\n'}
[28.715886] (rplidar_ros) StderrLine: {'line': b'                 from \x1b[01m\x1b[K/home/isc/tk2_ws/src/rplidar_ros/sdk/include/rplidar.h:39\x1b[m\x1b[K,\n'}
[28.719404] (rplidar_ros) StderrLine: {'line': b'                 from \x1b[01m\x1b[K/home/isc/tk2_ws/src/rplidar_ros/sdk/src/sdkcommon.h:49\x1b[m\x1b[K,\n'}
[28.720507] (rplidar_ros) StderrLine: {'line': b'                 from \x1b[01m\x1b[K/home/isc/tk2_ws/src/rplidar_ros/sdk/src/arch/linux/net_socket.cpp:10\x1b[m\x1b[K:\n'}
[28.721533] (rplidar_ros) StderrLine: {'line': b'\x1b[01m\x1b[K/home/isc/tk2_ws/src/rplidar_ros/sdk/include/sl_lidar_protocol.h:66:16:\x1b[m\x1b[K \x1b[01;35m\x1b[Kwarning: \x1b[m\x1b[KISO C++ forbids zero-size array \xe2\x80\x98\x1b[01m\x1b[Kdata\x1b[m\x1b[K\xe2\x80\x99 [\x1b[01;35m\x1b[K\x1b]8;;https://gcc.gnu.org/onlinedocs/gcc/Warning-Options.html#index-Wpedantic\x07-Wpedantic\x1b]8;;\x07\x1b[m\x1b[K]\n'}
[28.725777] (rplidar_ros) StderrLine: {'line': b'   66 |     sl_u8 data[\x1b[01;35m\x1b[K0\x1b[m\x1b[K];\n'}
[28.726669] (rplidar_ros) StderrLine: {'line': b'      |                \x1b[01;35m\x1b[K^\x1b[m\x1b[K\n'}
[28.727463] (rplidar_ros) StderrLine: {'line': b'In file included from \x1b[01m\x1b[K/home/isc/tk2_ws/src/rplidar_ros/sdk/include/rplidar_cmd.h:36\x1b[m\x1b[K,\n'}
[28.731427] (-) TimerEvent: {}
[28.732151] (rplidar_ros) StderrLine: {'line': b'                 from \x1b[01m\x1b[K/home/isc/tk2_ws/src/rplidar_ros/sdk/include/rplidar.h:40\x1b[m\x1b[K:\n'}
[28.733069] (rplidar_ros) StderrLine: {'line': b'\x1b[01m\x1b[K/home/isc/tk2_ws/src/rplidar_ros/sdk/include/sl_lidar_cmd.h:324:20:\x1b[m\x1b[K \x1b[01;35m\x1b[Kwarning: \x1b[m\x1b[KISO C++ forbids zero-size array \xe2\x80\x98\x1b[01m\x1b[Kpayload\x1b[m\x1b[K\xe2\x80\x99 [\x1b[01;35m\x1b[K\x1b]8;;https://gcc.gnu.org/onlinedocs/gcc/Warning-Options.html#index-Wpedantic\x07-Wpedantic\x1b]8;;\x07\x1b[m\x1b[K]\n'}
[28.733930] (rplidar_ros) StderrLine: {'line': b'  324 |     sl_u8  payload[\x1b[01;35m\x1b[K0\x1b[m\x1b[K];\n'}
[28.738038] (rplidar_ros) StderrLine: {'line': b'      |                    \x1b[01;35m\x1b[K^\x1b[m\x1b[K\n'}
[28.831672] (-) TimerEvent: {}
[28.934362] (-) TimerEvent: {}
[29.003956] (rplidar_ros) StderrLine: {'line': b'In file included from \x1b[01m\x1b[K/home/isc/tk2_ws/src/rplidar_ros/sdk/src/arch/linux/arch_linux.h:42\x1b[m\x1b[K,\n'}
[29.006915] (rplidar_ros) StderrLine: {'line': b'                 from \x1b[01m\x1b[K/home/isc/tk2_ws/src/rplidar_ros/sdk/src/sdkcommon.h:41\x1b[m\x1b[K:\n'}
[29.007806] (rplidar_ros) StderrLine: {'line': b'\x1b[01m\x1b[K/home/isc/tk2_ws/src/rplidar_ros/sdk/src/arch/linux/net_socket.cpp:\x1b[m\x1b[K In member function \xe2\x80\x98\x1b[01m\x1b[Kvirtual u_result rp::arch::net::DGramSocketImpl::\x1b[01;32m\x1b[KsendTo\x1b[m\x1b[K(const rp::net::SocketAddress*, const void*, size_t)\x1b[m\x1b[K\xe2\x80\x99:\n'}
[29.008729] (rplidar_ros) StderrLine: {'line': b'\x1b[01m\x1b[K/home/isc/tk2_ws/src/rplidar_ros/sdk/src/arch/linux/net_socket.cpp:733:24:\x1b[m\x1b[K \x1b[01;35m\x1b[Kwarning: \x1b[m\x1b[Kcomparison of integer expressions of different signedness: \xe2\x80\x98\x1b[01m\x1b[Kint\x1b[m\x1b[K\xe2\x80\x99 and \xe2\x80\x98\x1b[01m\x1b[Ksize_t\x1b[m\x1b[K\xe2\x80\x99 {aka \xe2\x80\x98\x1b[01m\x1b[Klong unsigned int\x1b[m\x1b[K\xe2\x80\x99} [\x1b[01;35m\x1b[K\x1b]8;;https://gcc.gnu.org/onlinedocs/gcc/Warning-Options.html#index-Wsign-compare\x07-Wsign-compare\x1b]8;;\x07\x1b[m\x1b[K]\n'}
[29.012849] (rplidar_ros) StderrLine: {'line': b'  733 |             assert(\x1b[01;35m\x1b[Kans == len\x1b[m\x1b[K);\n'}
[29.013777] (rplidar_ros) StderrLine: {'line': b'      |                    \x1b[01;35m\x1b[K~~~~^~~~~~\x1b[m\x1b[K\n'}
[29.037379] (-) TimerEvent: {}
[29.138283] (-) TimerEvent: {}
[29.241388] (-) TimerEvent: {}
[29.342293] (-) TimerEvent: {}
[29.443241] (-) TimerEvent: {}
[29.545403] (-) TimerEvent: {}
[29.647388] (-) TimerEvent: {}
[29.748333] (-) TimerEvent: {}
[29.851374] (-) TimerEvent: {}
[29.952291] (-) TimerEvent: {}
[30.014390] (rplidar_ros) StdoutLine: {'line': b'[ 26%] \x1b[32mBuilding CXX object CMakeFiles/rplidar_composition.dir/sdk/src/arch/linux/timer.cpp.o\x1b[0m\n'}
[30.052540] (-) TimerEvent: {}
[30.156363] (-) TimerEvent: {}
[30.257146] (-) TimerEvent: {}
[30.357964] (-) TimerEvent: {}
[30.458966] (-) TimerEvent: {}
[30.561527] (-) TimerEvent: {}
[30.664366] (-) TimerEvent: {}
[30.765259] (-) TimerEvent: {}
[30.866131] (-) TimerEvent: {}
[30.968533] (-) TimerEvent: {}
[31.072952] (-) TimerEvent: {}
[31.174125] (-) TimerEvent: {}
[31.277651] (-) TimerEvent: {}
[31.378683] (-) TimerEvent: {}
[31.482915] (-) TimerEvent: {}
[31.584381] (-) TimerEvent: {}
[31.688900] (-) TimerEvent: {}
[31.789871] (-) TimerEvent: {}
[31.890763] (-) TimerEvent: {}
[31.992783] (-) TimerEvent: {}
[32.096380] (-) TimerEvent: {}
[32.197220] (-) TimerEvent: {}
[32.298097] (-) TimerEvent: {}
[32.400384] (-) TimerEvent: {}
[32.501336] (-) TimerEvent: {}
[32.604395] (-) TimerEvent: {}
[32.705341] (-) TimerEvent: {}
[32.808382] (-) TimerEvent: {}
[32.909308] (-) TimerEvent: {}
[33.012398] (-) TimerEvent: {}
[33.113362] (-) TimerEvent: {}
[33.214423] (-) TimerEvent: {}
[33.316425] (-) TimerEvent: {}
[33.419518] (-) TimerEvent: {}
[33.522446] (-) TimerEvent: {}
[33.624394] (-) TimerEvent: {}
[33.673437] (rplidar_ros) StdoutLine: {'line': b'[ 28%] \x1b[32mBuilding CXX object CMakeFiles/rplidar_composition.dir/sdk/src/dataunpacker/dataunpacker.cpp.o\x1b[0m\n'}
[33.724654] (-) TimerEvent: {}
[33.828802] (-) TimerEvent: {}
[33.929628] (-) TimerEvent: {}
[34.030401] (-) TimerEvent: {}
[34.132438] (-) TimerEvent: {}
[34.235365] (-) TimerEvent: {}
[34.336211] (-) TimerEvent: {}
[34.437027] (-) TimerEvent: {}
[34.540420] (-) TimerEvent: {}
[34.641161] (-) TimerEvent: {}
[34.742014] (-) TimerEvent: {}
[34.845713] (-) TimerEvent: {}
[34.946689] (-) TimerEvent: {}
[35.050829] (-) TimerEvent: {}
[35.151937] (-) TimerEvent: {}
[35.253080] (-) TimerEvent: {}
[35.356575] (-) TimerEvent: {}
[35.458337] (-) TimerEvent: {}
[35.562571] (-) TimerEvent: {}
[35.666415] (-) TimerEvent: {}
[35.767400] (-) TimerEvent: {}
[35.871408] (-) TimerEvent: {}
[35.972370] (-) TimerEvent: {}
[36.073421] (-) TimerEvent: {}
[36.175416] (-) TimerEvent: {}
[36.277457] (-) TimerEvent: {}
[36.380384] (-) TimerEvent: {}
[36.481418] (-) TimerEvent: {}
[36.582379] (-) TimerEvent: {}
[36.684401] (-) TimerEvent: {}
[36.787417] (-) TimerEvent: {}
[36.888497] (-) TimerEvent: {}
[36.992405] (-) TimerEvent: {}
[37.093421] (-) TimerEvent: {}
[37.111722] (rplidar_ros) StderrLine: {'line': b'In file included from \x1b[01m\x1b[K/home/isc/tk2_ws/src/rplidar_ros/sdk/include/rplidar_protocol.h:36\x1b[m\x1b[K,\n'}
[37.112813] (rplidar_ros) StderrLine: {'line': b'                 from \x1b[01m\x1b[K/home/isc/tk2_ws/src/rplidar_ros/sdk/include/rplidar.h:39\x1b[m\x1b[K,\n'}
[37.113643] (rplidar_ros) StderrLine: {'line': b'                 from \x1b[01m\x1b[K/home/isc/tk2_ws/src/rplidar_ros/sdk/src/sdkcommon.h:49\x1b[m\x1b[K,\n'}
[37.118850] (rplidar_ros) StderrLine: {'line': b'                 from \x1b[01m\x1b[K/home/isc/tk2_ws/src/rplidar_ros/sdk/src/dataunpacker/dataunnpacker_commondef.h:41\x1b[m\x1b[K,\n'}
[37.120012] (rplidar_ros) StderrLine: {'line': b'                 from \x1b[01m\x1b[K/home/isc/tk2_ws/src/rplidar_ros/sdk/src/dataunpacker/dataunpacker.cpp:39\x1b[m\x1b[K:\n'}
[37.120873] (rplidar_ros) StderrLine: {'line': b'\x1b[01m\x1b[K/home/isc/tk2_ws/src/rplidar_ros/sdk/include/sl_lidar_protocol.h:66:16:\x1b[m\x1b[K \x1b[01;35m\x1b[Kwarning: \x1b[m\x1b[KISO C++ forbids zero-size array \xe2\x80\x98\x1b[01m\x1b[Kdata\x1b[m\x1b[K\xe2\x80\x99 [\x1b[01;35m\x1b[K\x1b]8;;https://gcc.gnu.org/onlinedocs/gcc/Warning-Options.html#index-Wpedantic\x07-Wpedantic\x1b]8;;\x07\x1b[m\x1b[K]\n'}
[37.125039] (rplidar_ros) StderrLine: {'line': b'   66 |     sl_u8 data[\x1b[01;35m\x1b[K0\x1b[m\x1b[K];\n'}
[37.125941] (rplidar_ros) StderrLine: {'line': b'      |                \x1b[01;35m\x1b[K^\x1b[m\x1b[K\n'}
[37.130227] (rplidar_ros) StderrLine: {'line': b'In file included from \x1b[01m\x1b[K/home/isc/tk2_ws/src/rplidar_ros/sdk/include/rplidar_cmd.h:36\x1b[m\x1b[K,\n'}
[37.131150] (rplidar_ros) StderrLine: {'line': b'                 from \x1b[01m\x1b[K/home/isc/tk2_ws/src/rplidar_ros/sdk/include/rplidar.h:40\x1b[m\x1b[K:\n'}
[37.132115] (rplidar_ros) StderrLine: {'line': b'\x1b[01m\x1b[K/home/isc/tk2_ws/src/rplidar_ros/sdk/include/sl_lidar_cmd.h:324:20:\x1b[m\x1b[K \x1b[01;35m\x1b[Kwarning: \x1b[m\x1b[KISO C++ forbids zero-size array \xe2\x80\x98\x1b[01m\x1b[Kpayload\x1b[m\x1b[K\xe2\x80\x99 [\x1b[01;35m\x1b[K\x1b]8;;https://gcc.gnu.org/onlinedocs/gcc/Warning-Options.html#index-Wpedantic\x07-Wpedantic\x1b]8;;\x07\x1b[m\x1b[K]\n'}
[37.133063] (rplidar_ros) StderrLine: {'line': b'  324 |     sl_u8  payload[\x1b[01;35m\x1b[K0\x1b[m\x1b[K];\n'}
[37.137217] (rplidar_ros) StderrLine: {'line': b'      |                    \x1b[01;35m\x1b[K^\x1b[m\x1b[K\n'}
[37.196399] (-) TimerEvent: {}
[37.297378] (-) TimerEvent: {}
[37.398349] (-) TimerEvent: {}
[37.501393] (-) TimerEvent: {}
[37.602325] (-) TimerEvent: {}
[37.703240] (-) TimerEvent: {}
[37.804418] (-) TimerEvent: {}
[37.845676] (rplidar_ros) StderrLine: {'line': b'In file included from \x1b[01m\x1b[K/home/isc/tk2_ws/src/rplidar_ros/sdk/src/dataunpacker/dataunpacker.cpp:40\x1b[m\x1b[K:\n'}
[37.846691] (rplidar_ros) StderrLine: {'line': b'\x1b[01m\x1b[K/home/isc/tk2_ws/src/rplidar_ros/sdk/src/dataunpacker/dataunpacker.h:\x1b[m\x1b[K In member function \xe2\x80\x98\x1b[01m\x1b[Kvirtual void sl::internal::LIDARSampleDataListener::\x1b[01;32m\x1b[KonCustomSampleDataDecoded\x1b[m\x1b[K(_u8, _u32, const void*, size_t)\x1b[m\x1b[K\xe2\x80\x99:\n'}
[37.847621] (rplidar_ros) StderrLine: {'line': b'\x1b[01m\x1b[K/home/isc/tk2_ws/src/rplidar_ros/sdk/src/dataunpacker/dataunpacker.h:54:52:\x1b[m\x1b[K \x1b[01;35m\x1b[Kwarning: \x1b[m\x1b[Kunused parameter \xe2\x80\x98\x1b[01m\x1b[KansType\x1b[m\x1b[K\xe2\x80\x99 [\x1b[01;35m\x1b[K\x1b]8;;https://gcc.gnu.org/onlinedocs/gcc/Warning-Options.html#index-Wunused-parameter\x07-Wunused-parameter\x1b]8;;\x07\x1b[m\x1b[K]\n'}
[37.850502] (rplidar_ros) StderrLine: {'line': b'   54 |         virtual void onCustomSampleDataDecoded(\x1b[01;35m\x1b[K_u8 ansType\x1b[m\x1b[K, _u32 customCode, const void* data, size_t size) {}\n'}
[37.851513] (rplidar_ros) StderrLine: {'line': b'      |                                                \x1b[01;35m\x1b[K~~~~^~~~~~~\x1b[m\x1b[K\n'}
[37.852340] (rplidar_ros) StderrLine: {'line': b'\x1b[01m\x1b[K/home/isc/tk2_ws/src/rplidar_ros/sdk/src/dataunpacker/dataunpacker.h:54:66:\x1b[m\x1b[K \x1b[01;35m\x1b[Kwarning: \x1b[m\x1b[Kunused parameter \xe2\x80\x98\x1b[01m\x1b[KcustomCode\x1b[m\x1b[K\xe2\x80\x99 [\x1b[01;35m\x1b[K\x1b]8;;https://gcc.gnu.org/onlinedocs/gcc/Warning-Options.html#index-Wunused-parameter\x07-Wunused-parameter\x1b]8;;\x07\x1b[m\x1b[K]\n'}
[37.853150] (rplidar_ros) StderrLine: {'line': b'   54 |         virtual void onCustomSampleDataDecoded(_u8 ansType, \x1b[01;35m\x1b[K_u32 customCode\x1b[m\x1b[K, const void* data, size_t size) {}\n'}
[37.853953] (rplidar_ros) StderrLine: {'line': b'      |                                                             \x1b[01;35m\x1b[K~~~~~^~~~~~~~~~\x1b[m\x1b[K\n'}
[37.854776] (rplidar_ros) StderrLine: {'line': b'\x1b[01m\x1b[K/home/isc/tk2_ws/src/rplidar_ros/sdk/src/dataunpacker/dataunpacker.h:54:90:\x1b[m\x1b[K \x1b[01;35m\x1b[Kwarning: \x1b[m\x1b[Kunused parameter \xe2\x80\x98\x1b[01m\x1b[Kdata\x1b[m\x1b[K\xe2\x80\x99 [\x1b[01;35m\x1b[K\x1b]8;;https://gcc.gnu.org/onlinedocs/gcc/Warning-Options.html#index-Wunused-parameter\x07-Wunused-parameter\x1b]8;;\x07\x1b[m\x1b[K]\n'}
[37.855646] (rplidar_ros) StderrLine: {'line': b'   54 |         virtual void onCustomSampleDataDecoded(_u8 ansType, _u32 customCode, \x1b[01;35m\x1b[Kconst void* data\x1b[m\x1b[K, size_t size) {}\n'}
[37.856604] (rplidar_ros) StderrLine: {'line': b'      |                                                                              \x1b[01;35m\x1b[K~~~~~~~~~~~~^~~~\x1b[m\x1b[K\n'}
[37.857519] (rplidar_ros) StderrLine: {'line': b'\x1b[01m\x1b[K/home/isc/tk2_ws/src/rplidar_ros/sdk/src/dataunpacker/dataunpacker.h:54:103:\x1b[m\x1b[K \x1b[01;35m\x1b[Kwarning: \x1b[m\x1b[Kunused parameter \xe2\x80\x98\x1b[01m\x1b[Ksize\x1b[m\x1b[K\xe2\x80\x99 [\x1b[01;35m\x1b[K\x1b]8;;https://gcc.gnu.org/onlinedocs/gcc/Warning-Options.html#index-Wunused-parameter\x07-Wunused-parameter\x1b]8;;\x07\x1b[m\x1b[K]\n'}
[37.858461] (rplidar_ros) StderrLine: {'line': b'   54 |         virtual void onCustomSampleDataDecoded(_u8 ansType, _u32 customCode, const void* data, \x1b[01;35m\x1b[Ksize_t size\x1b[m\x1b[K) {}\n'}
[37.859283] (rplidar_ros) StderrLine: {'line': b'      |                                                                                                \x1b[01;35m\x1b[K~~~~~~~^~~~\x1b[m\x1b[K\n'}
[37.860053] (rplidar_ros) StderrLine: {'line': b'\x1b[01m\x1b[K/home/isc/tk2_ws/src/rplidar_ros/sdk/src/dataunpacker/dataunpacker.h:\x1b[m\x1b[K In member function \xe2\x80\x98\x1b[01m\x1b[Kvirtual void sl::internal::LIDARSampleDataListener::\x1b[01;32m\x1b[KonDecodingError\x1b[m\x1b[K(int, _u8, const void*, size_t)\x1b[m\x1b[K\xe2\x80\x99:\n'}
[37.860877] (rplidar_ros) StderrLine: {'line': b'\x1b[01m\x1b[K/home/isc/tk2_ws/src/rplidar_ros/sdk/src/dataunpacker/dataunpacker.h:56:42:\x1b[m\x1b[K \x1b[01;35m\x1b[Kwarning: \x1b[m\x1b[Kunused parameter \xe2\x80\x98\x1b[01m\x1b[KerrMsg\x1b[m\x1b[K\xe2\x80\x99 [\x1b[01;35m\x1b[K\x1b]8;;https://gcc.gnu.org/onlinedocs/gcc/Warning-Options.html#index-Wunused-parameter\x07-Wunused-parameter\x1b]8;;\x07\x1b[m\x1b[K]\n'}
[37.861779] (rplidar_ros) StderrLine: {'line': b'   56 |         virtual void onDecodingError(\x1b[01;35m\x1b[Kint errMsg\x1b[m\x1b[K, _u8 ansType, const void* payload, size_t size) {}\n'}
[37.862584] (rplidar_ros) StderrLine: {'line': b'      |                                      \x1b[01;35m\x1b[K~~~~^~~~~~\x1b[m\x1b[K\n'}
[37.863427] (rplidar_ros) StderrLine: {'line': b'\x1b[01m\x1b[K/home/isc/tk2_ws/src/rplidar_ros/sdk/src/dataunpacker/dataunpacker.h:56:54:\x1b[m\x1b[K \x1b[01;35m\x1b[Kwarning: \x1b[m\x1b[Kunused parameter \xe2\x80\x98\x1b[01m\x1b[KansType\x1b[m\x1b[K\xe2\x80\x99 [\x1b[01;35m\x1b[K\x1b]8;;https://gcc.gnu.org/onlinedocs/gcc/Warning-Options.html#index-Wunused-parameter\x07-Wunused-parameter\x1b]8;;\x07\x1b[m\x1b[K]\n'}
[37.864243] (rplidar_ros) StderrLine: {'line': b'   56 |         virtual void onDecodingError(int errMsg, \x1b[01;35m\x1b[K_u8 ansType\x1b[m\x1b[K, const void* payload, size_t size) {}\n'}
[37.866219] (rplidar_ros) StderrLine: {'line': b'      |                                                  \x1b[01;35m\x1b[K~~~~^~~~~~~\x1b[m\x1b[K\n'}
[37.867158] (rplidar_ros) StderrLine: {'line': b'\x1b[01m\x1b[K/home/isc/tk2_ws/src/rplidar_ros/sdk/src/dataunpacker/dataunpacker.h:56:75:\x1b[m\x1b[K \x1b[01;35m\x1b[Kwarning: \x1b[m\x1b[Kunused parameter \xe2\x80\x98\x1b[01m\x1b[Kpayload\x1b[m\x1b[K\xe2\x80\x99 [\x1b[01;35m\x1b[K\x1b]8;;https://gcc.gnu.org/onlinedocs/gcc/Warning-Options.html#index-Wunused-parameter\x07-Wunused-parameter\x1b]8;;\x07\x1b[m\x1b[K]\n'}
[37.868029] (rplidar_ros) StderrLine: {'line': b'   56 |         virtual void onDecodingError(int errMsg, _u8 ansType, \x1b[01;35m\x1b[Kconst void* payload\x1b[m\x1b[K, size_t size) {}\n'}
[37.869400] (rplidar_ros) StderrLine: {'line': b'      |                                                               \x1b[01;35m\x1b[K~~~~~~~~~~~~^~~~~~~\x1b[m\x1b[K\n'}
[37.870167] (rplidar_ros) StderrLine: {'line': b'\x1b[01m\x1b[K/home/isc/tk2_ws/src/rplidar_ros/sdk/src/dataunpacker/dataunpacker.h:56:91:\x1b[m\x1b[K \x1b[01;35m\x1b[Kwarning: \x1b[m\x1b[Kunused parameter \xe2\x80\x98\x1b[01m\x1b[Ksize\x1b[m\x1b[K\xe2\x80\x99 [\x1b[01;35m\x1b[K\x1b]8;;https://gcc.gnu.org/onlinedocs/gcc/Warning-Options.html#index-Wunused-parameter\x07-Wunused-parameter\x1b]8;;\x07\x1b[m\x1b[K]\n'}
[37.871076] (rplidar_ros) StderrLine: {'line': b'   56 |         virtual void onDecodingError(int errMsg, _u8 ansType, const void* payload, \x1b[01;35m\x1b[Ksize_t size\x1b[m\x1b[K) {}\n'}
[37.871881] (rplidar_ros) StderrLine: {'line': b'      |                                                                                    \x1b[01;35m\x1b[K~~~~~~~^~~~\x1b[m\x1b[K\n'}
[37.907434] (-) TimerEvent: {}
[38.008380] (-) TimerEvent: {}
[38.112406] (-) TimerEvent: {}
[38.213415] (-) TimerEvent: {}
[38.316774] (-) TimerEvent: {}
[38.418370] (-) TimerEvent: {}
[38.520400] (-) TimerEvent: {}
[38.622400] (-) TimerEvent: {}
[38.723288] (-) TimerEvent: {}
[38.827747] (-) TimerEvent: {}
[38.928703] (-) TimerEvent: {}
[39.029600] (-) TimerEvent: {}
[39.133372] (rplidar_ros) StdoutLine: {'line': b'[ 31%] \x1b[32mBuilding CXX object CMakeFiles/rplidar_composition.dir/sdk/src/dataunpacker/unpacker/handler_capsules.cpp.o\x1b[0m\n'}
[39.134394] (-) TimerEvent: {}
[39.235232] (-) TimerEvent: {}
[39.310517] (rplidar_ros) StdoutLine: {'line': b'[ 34%] \x1b[32mBuilding CXX object CMakeFiles/rplidar_composition.dir/sdk/src/dataunpacker/unpacker/handler_hqnode.cpp.o\x1b[0m\n'}
[39.336372] (-) TimerEvent: {}
[39.439372] (-) TimerEvent: {}
[39.540239] (-) TimerEvent: {}
[39.641145] (-) TimerEvent: {}
[39.745413] (-) TimerEvent: {}
[39.846710] (-) TimerEvent: {}
[39.849792] (rplidar_ros) StdoutLine: {'line': b'[ 36%] \x1b[32mBuilding CXX object CMakeFiles/rplidar_node.dir/sdk/src/dataunpacker/unpacker/handler_capsules.cpp.o\x1b[0m\n'}
[39.948342] (-) TimerEvent: {}
[40.048993] (-) TimerEvent: {}
[40.152364] (-) TimerEvent: {}
[40.253139] (-) TimerEvent: {}
[40.353911] (-) TimerEvent: {}
[40.457366] (-) TimerEvent: {}
[40.558133] (-) TimerEvent: {}
[40.659164] (-) TimerEvent: {}
[40.760128] (-) TimerEvent: {}
[40.864821] (-) TimerEvent: {}
[40.965714] (-) TimerEvent: {}
[41.066701] (-) TimerEvent: {}
[41.168636] (-) TimerEvent: {}
[41.272396] (-) TimerEvent: {}
[41.373398] (-) TimerEvent: {}
[41.474466] (-) TimerEvent: {}
[41.576837] (-) TimerEvent: {}
[41.680703] (-) TimerEvent: {}
[41.781858] (-) TimerEvent: {}
[41.882951] (-) TimerEvent: {}
[41.986399] (-) TimerEvent: {}
[42.033856] (rplidar_ros) StderrLine: {'line': b'In file included from \x1b[01m\x1b[K/home/isc/tk2_ws/src/rplidar_ros/sdk/include/rplidar_protocol.h:36\x1b[m\x1b[K,\n'}
[42.035223] (rplidar_ros) StderrLine: {'line': b'                 from \x1b[01m\x1b[K/home/isc/tk2_ws/src/rplidar_ros/sdk/include/rplidar.h:39\x1b[m\x1b[K,\n'}
[42.039479] (rplidar_ros) StderrLine: {'line': b'                 from \x1b[01m\x1b[K/home/isc/tk2_ws/src/rplidar_ros/sdk/src/sdkcommon.h:49\x1b[m\x1b[K,\n'}
[42.040696] (rplidar_ros) StderrLine: {'line': b'                 from \x1b[01m\x1b[K/home/isc/tk2_ws/src/rplidar_ros/sdk/src/dataunpacker/unpacker/../dataunnpacker_commondef.h:41\x1b[m\x1b[K,\n'}
[42.041953] (rplidar_ros) StderrLine: {'line': b'                 from \x1b[01m\x1b[K/home/isc/tk2_ws/src/rplidar_ros/sdk/src/dataunpacker/unpacker/handler_capsules.cpp:39\x1b[m\x1b[K:\n'}
[42.046879] (rplidar_ros) StderrLine: {'line': b'\x1b[01m\x1b[K/home/isc/tk2_ws/src/rplidar_ros/sdk/include/sl_lidar_protocol.h:66:16:\x1b[m\x1b[K \x1b[01;35m\x1b[Kwarning: \x1b[m\x1b[KISO C++ forbids zero-size array \xe2\x80\x98\x1b[01m\x1b[Kdata\x1b[m\x1b[K\xe2\x80\x99 [\x1b[01;35m\x1b[K\x1b]8;;https://gcc.gnu.org/onlinedocs/gcc/Warning-Options.html#index-Wpedantic\x07-Wpedantic\x1b]8;;\x07\x1b[m\x1b[K]\n'}
[42.048337] (rplidar_ros) StderrLine: {'line': b'   66 |     sl_u8 data[\x1b[01;35m\x1b[K0\x1b[m\x1b[K];\n'}
[42.054822] (rplidar_ros) StderrLine: {'line': b'      |                \x1b[01;35m\x1b[K^\x1b[m\x1b[K\n'}
[42.055673] (rplidar_ros) StderrLine: {'line': b'In file included from \x1b[01m\x1b[K/home/isc/tk2_ws/src/rplidar_ros/sdk/include/rplidar_cmd.h:36\x1b[m\x1b[K,\n'}
[42.056518] (rplidar_ros) StderrLine: {'line': b'                 from \x1b[01m\x1b[K/home/isc/tk2_ws/src/rplidar_ros/sdk/include/rplidar.h:40\x1b[m\x1b[K:\n'}
[42.060403] (rplidar_ros) StderrLine: {'line': b'\x1b[01m\x1b[K/home/isc/tk2_ws/src/rplidar_ros/sdk/include/sl_lidar_cmd.h:324:20:\x1b[m\x1b[K \x1b[01;35m\x1b[Kwarning: \x1b[m\x1b[KISO C++ forbids zero-size array \xe2\x80\x98\x1b[01m\x1b[Kpayload\x1b[m\x1b[K\xe2\x80\x99 [\x1b[01;35m\x1b[K\x1b]8;;https://gcc.gnu.org/onlinedocs/gcc/Warning-Options.html#index-Wpedantic\x07-Wpedantic\x1b]8;;\x07\x1b[m\x1b[K]\n'}
[42.061407] (rplidar_ros) StderrLine: {'line': b'  324 |     sl_u8  payload[\x1b[01;35m\x1b[K0\x1b[m\x1b[K];\n'}
[42.062139] (rplidar_ros) StderrLine: {'line': b'      |                    \x1b[01;35m\x1b[K^\x1b[m\x1b[K\n'}
[42.089429] (-) TimerEvent: {}
[42.190552] (-) TimerEvent: {}
[42.220774] (rplidar_ros) StderrLine: {'line': b'In file included from \x1b[01m\x1b[K/home/isc/tk2_ws/src/rplidar_ros/sdk/include/rplidar_protocol.h:36\x1b[m\x1b[K,\n'}
[42.222017] (rplidar_ros) StderrLine: {'line': b'                 from \x1b[01m\x1b[K/home/isc/tk2_ws/src/rplidar_ros/sdk/include/rplidar.h:39\x1b[m\x1b[K,\n'}
[42.227233] (rplidar_ros) StderrLine: {'line': b'                 from \x1b[01m\x1b[K/home/isc/tk2_ws/src/rplidar_ros/sdk/src/sdkcommon.h:49\x1b[m\x1b[K,\n'}
[42.228213] (rplidar_ros) StderrLine: {'line': b'                 from \x1b[01m\x1b[K/home/isc/tk2_ws/src/rplidar_ros/sdk/src/dataunpacker/unpacker/../dataunnpacker_commondef.h:41\x1b[m\x1b[K,\n'}
[42.232484] (rplidar_ros) StderrLine: {'line': b'                 from \x1b[01m\x1b[K/home/isc/tk2_ws/src/rplidar_ros/sdk/src/dataunpacker/unpacker/handler_hqnode.cpp:39\x1b[m\x1b[K:\n'}
[42.233416] (rplidar_ros) StderrLine: {'line': b'\x1b[01m\x1b[K/home/isc/tk2_ws/src/rplidar_ros/sdk/include/sl_lidar_protocol.h:66:16:\x1b[m\x1b[K \x1b[01;35m\x1b[Kwarning: \x1b[m\x1b[KISO C++ forbids zero-size array \xe2\x80\x98\x1b[01m\x1b[Kdata\x1b[m\x1b[K\xe2\x80\x99 [\x1b[01;35m\x1b[K\x1b]8;;https://gcc.gnu.org/onlinedocs/gcc/Warning-Options.html#index-Wpedantic\x07-Wpedantic\x1b]8;;\x07\x1b[m\x1b[K]\n'}
[42.234260] (rplidar_ros) StderrLine: {'line': b'   66 |     sl_u8 data[\x1b[01;35m\x1b[K0\x1b[m\x1b[K];\n'}
[42.235102] (rplidar_ros) StderrLine: {'line': b'      |                \x1b[01;35m\x1b[K^\x1b[m\x1b[K\n'}
[42.239341] (rplidar_ros) StderrLine: {'line': b'In file included from \x1b[01m\x1b[K/home/isc/tk2_ws/src/rplidar_ros/sdk/include/rplidar_cmd.h:36\x1b[m\x1b[K,\n'}
[42.240364] (rplidar_ros) StderrLine: {'line': b'                 from \x1b[01m\x1b[K/home/isc/tk2_ws/src/rplidar_ros/sdk/include/rplidar.h:40\x1b[m\x1b[K:\n'}
[42.241134] (rplidar_ros) StderrLine: {'line': b'\x1b[01m\x1b[K/home/isc/tk2_ws/src/rplidar_ros/sdk/include/sl_lidar_cmd.h:324:20:\x1b[m\x1b[K \x1b[01;35m\x1b[Kwarning: \x1b[m\x1b[KISO C++ forbids zero-size array \xe2\x80\x98\x1b[01m\x1b[Kpayload\x1b[m\x1b[K\xe2\x80\x99 [\x1b[01;35m\x1b[K\x1b]8;;https://gcc.gnu.org/onlinedocs/gcc/Warning-Options.html#index-Wpedantic\x07-Wpedantic\x1b]8;;\x07\x1b[m\x1b[K]\n'}
[42.245146] (rplidar_ros) StderrLine: {'line': b'  324 |     sl_u8  payload[\x1b[01;35m\x1b[K0\x1b[m\x1b[K];\n'}
[42.246143] (rplidar_ros) StderrLine: {'line': b'      |                    \x1b[01;35m\x1b[K^\x1b[m\x1b[K\n'}
[42.294003] (-) TimerEvent: {}
[42.395097] (-) TimerEvent: {}
[42.496043] (-) TimerEvent: {}
[42.599464] (-) TimerEvent: {}
[42.700557] (-) TimerEvent: {}
[42.754302] (rplidar_ros) StderrLine: {'line': b'In file included from \x1b[01m\x1b[K/home/isc/tk2_ws/src/rplidar_ros/sdk/src/dataunpacker/unpacker/handler_capsules.cpp:40\x1b[m\x1b[K:\n'}
[42.756571] (rplidar_ros) StderrLine: {'line': b'\x1b[01m\x1b[K/home/isc/tk2_ws/src/rplidar_ros/sdk/src/dataunpacker/unpacker/../dataunpacker.h:\x1b[m\x1b[K In member function \xe2\x80\x98\x1b[01m\x1b[Kvirtual void sl::internal::LIDARSampleDataListener::\x1b[01;32m\x1b[KonCustomSampleDataDecoded\x1b[m\x1b[K(_u8, _u32, const void*, size_t)\x1b[m\x1b[K\xe2\x80\x99:\n'}
[42.762971] (rplidar_ros) StderrLine: {'line': b'\x1b[01m\x1b[K/home/isc/tk2_ws/src/rplidar_ros/sdk/src/dataunpacker/unpacker/../dataunpacker.h:54:52:\x1b[m\x1b[K \x1b[01;35m\x1b[Kwarning: \x1b[m\x1b[Kunused parameter \xe2\x80\x98\x1b[01m\x1b[KansType\x1b[m\x1b[K\xe2\x80\x99 [\x1b[01;35m\x1b[K\x1b]8;;https://gcc.gnu.org/onlinedocs/gcc/Warning-Options.html#index-Wunused-parameter\x07-Wunused-parameter\x1b]8;;\x07\x1b[m\x1b[K]\n'}
[42.764316] (rplidar_ros) StderrLine: {'line': b'   54 |         virtual void onCustomSampleDataDecoded(\x1b[01;35m\x1b[K_u8 ansType\x1b[m\x1b[K, _u32 customCode, const void* data, size_t size) {}\n'}
[42.767621] (rplidar_ros) StderrLine: {'line': b'      |                                                \x1b[01;35m\x1b[K~~~~^~~~~~~\x1b[m\x1b[K\n'}
[42.768510] (rplidar_ros) StderrLine: {'line': b'\x1b[01m\x1b[K/home/isc/tk2_ws/src/rplidar_ros/sdk/src/dataunpacker/unpacker/../dataunpacker.h:54:66:\x1b[m\x1b[K \x1b[01;35m\x1b[Kwarning: \x1b[m\x1b[Kunused parameter \xe2\x80\x98\x1b[01m\x1b[KcustomCode\x1b[m\x1b[K\xe2\x80\x99 [\x1b[01;35m\x1b[K\x1b]8;;https://gcc.gnu.org/onlinedocs/gcc/Warning-Options.html#index-Wunused-parameter\x07-Wunused-parameter\x1b]8;;\x07\x1b[m\x1b[K]\n'}
[42.769391] (rplidar_ros) StderrLine: {'line': b'   54 |         virtual void onCustomSampleDataDecoded(_u8 ansType, \x1b[01;35m\x1b[K_u32 customCode\x1b[m\x1b[K, const void* data, size_t size) {}\n'}
[42.770119] (rplidar_ros) StderrLine: {'line': b'      |                                                             \x1b[01;35m\x1b[K~~~~~^~~~~~~~~~\x1b[m\x1b[K\n'}
[42.775245] (rplidar_ros) StderrLine: {'line': b'\x1b[01m\x1b[K/home/isc/tk2_ws/src/rplidar_ros/sdk/src/dataunpacker/unpacker/../dataunpacker.h:54:90:\x1b[m\x1b[K \x1b[01;35m\x1b[Kwarning: \x1b[m\x1b[Kunused parameter \xe2\x80\x98\x1b[01m\x1b[Kdata\x1b[m\x1b[K\xe2\x80\x99 [\x1b[01;35m\x1b[K\x1b]8;;https://gcc.gnu.org/onlinedocs/gcc/Warning-Options.html#index-Wunused-parameter\x07-Wunused-parameter\x1b]8;;\x07\x1b[m\x1b[K]\n'}
[42.776331] (rplidar_ros) StderrLine: {'line': b'   54 |         virtual void onCustomSampleDataDecoded(_u8 ansType, _u32 customCode, \x1b[01;35m\x1b[Kconst void* data\x1b[m\x1b[K, size_t size) {}\n'}
[42.780615] (rplidar_ros) StderrLine: {'line': b'      |                                                                              \x1b[01;35m\x1b[K~~~~~~~~~~~~^~~~\x1b[m\x1b[K\n'}
[42.781667] (rplidar_ros) StderrLine: {'line': b'\x1b[01m\x1b[K/home/isc/tk2_ws/src/rplidar_ros/sdk/src/dataunpacker/unpacker/../dataunpacker.h:54:103:\x1b[m\x1b[K \x1b[01;35m\x1b[Kwarning: \x1b[m\x1b[Kunused parameter \xe2\x80\x98\x1b[01m\x1b[Ksize\x1b[m\x1b[K\xe2\x80\x99 [\x1b[01;35m\x1b[K\x1b]8;;https://gcc.gnu.org/onlinedocs/gcc/Warning-Options.html#index-Wunused-parameter\x07-Wunused-parameter\x1b]8;;\x07\x1b[m\x1b[K]\n'}
[42.782582] (rplidar_ros) StderrLine: {'line': b'   54 |         virtual void onCustomSampleDataDecoded(_u8 ansType, _u32 customCode, const void* data, \x1b[01;35m\x1b[Ksize_t size\x1b[m\x1b[K) {}\n'}
[42.786519] (rplidar_ros) StderrLine: {'line': b'      |                                                                                                \x1b[01;35m\x1b[K~~~~~~~^~~~\x1b[m\x1b[K\n'}
[42.787446] (rplidar_ros) StderrLine: {'line': b'\x1b[01m\x1b[K/home/isc/tk2_ws/src/rplidar_ros/sdk/src/dataunpacker/unpacker/../dataunpacker.h:\x1b[m\x1b[K In member function \xe2\x80\x98\x1b[01m\x1b[Kvirtual void sl::internal::LIDARSampleDataListener::\x1b[01;32m\x1b[KonDecodingError\x1b[m\x1b[K(int, _u8, const void*, size_t)\x1b[m\x1b[K\xe2\x80\x99:\n'}
[42.788357] (rplidar_ros) StderrLine: {'line': b'\x1b[01m\x1b[K/home/isc/tk2_ws/src/rplidar_ros/sdk/src/dataunpacker/unpacker/../dataunpacker.h:56:42:\x1b[m\x1b[K \x1b[01;35m\x1b[Kwarning: \x1b[m\x1b[Kunused parameter \xe2\x80\x98\x1b[01m\x1b[KerrMsg\x1b[m\x1b[K\xe2\x80\x99 [\x1b[01;35m\x1b[K\x1b]8;;https://gcc.gnu.org/onlinedocs/gcc/Warning-Options.html#index-Wunused-parameter\x07-Wunused-parameter\x1b]8;;\x07\x1b[m\x1b[K]\n'}
[42.792616] (rplidar_ros) StderrLine: {'line': b'   56 |         virtual void onDecodingError(\x1b[01;35m\x1b[Kint errMsg\x1b[m\x1b[K, _u8 ansType, const void* payload, size_t size) {}\n'}
[42.793799] (rplidar_ros) StderrLine: {'line': b'      |                                      \x1b[01;35m\x1b[K~~~~^~~~~~\x1b[m\x1b[K\n'}
[42.794696] (rplidar_ros) StderrLine: {'line': b'\x1b[01m\x1b[K/home/isc/tk2_ws/src/rplidar_ros/sdk/src/dataunpacker/unpacker/../dataunpacker.h:56:54:\x1b[m\x1b[K \x1b[01;35m\x1b[Kwarning: \x1b[m\x1b[Kunused parameter \xe2\x80\x98\x1b[01m\x1b[KansType\x1b[m\x1b[K\xe2\x80\x99 [\x1b[01;35m\x1b[K\x1b]8;;https://gcc.gnu.org/onlinedocs/gcc/Warning-Options.html#index-Wunused-parameter\x07-Wunused-parameter\x1b]8;;\x07\x1b[m\x1b[K]\n'}
[42.799118] (rplidar_ros) StderrLine: {'line': b'   56 |         virtual void onDecodingError(int errMsg, \x1b[01;35m\x1b[K_u8 ansType\x1b[m\x1b[K, const void* payload, size_t size) {}\n'}
[42.800342] (rplidar_ros) StderrLine: {'line': b'      |                                                  \x1b[01;35m\x1b[K~~~~^~~~~~~\x1b[m\x1b[K\n'}
[42.804637] (-) TimerEvent: {}
[42.805552] (rplidar_ros) StderrLine: {'line': b'\x1b[01m\x1b[K/home/isc/tk2_ws/src/rplidar_ros/sdk/src/dataunpacker/unpacker/../dataunpacker.h:56:75:\x1b[m\x1b[K \x1b[01;35m\x1b[Kwarning: \x1b[m\x1b[Kunused parameter \xe2\x80\x98\x1b[01m\x1b[Kpayload\x1b[m\x1b[K\xe2\x80\x99 [\x1b[01;35m\x1b[K\x1b]8;;https://gcc.gnu.org/onlinedocs/gcc/Warning-Options.html#index-Wunused-parameter\x07-Wunused-parameter\x1b]8;;\x07\x1b[m\x1b[K]\n'}
[42.806887] (rplidar_ros) StderrLine: {'line': b'   56 |         virtual void onDecodingError(int errMsg, _u8 ansType, \x1b[01;35m\x1b[Kconst void* payload\x1b[m\x1b[K, size_t size) {}\n'}
[42.811254] (rplidar_ros) StderrLine: {'line': b'      |                                                               \x1b[01;35m\x1b[K~~~~~~~~~~~~^~~~~~~\x1b[m\x1b[K\n'}
[42.812351] (rplidar_ros) StderrLine: {'line': b'\x1b[01m\x1b[K/home/isc/tk2_ws/src/rplidar_ros/sdk/src/dataunpacker/unpacker/../dataunpacker.h:56:91:\x1b[m\x1b[K \x1b[01;35m\x1b[Kwarning: \x1b[m\x1b[Kunused parameter \xe2\x80\x98\x1b[01m\x1b[Ksize\x1b[m\x1b[K\xe2\x80\x99 [\x1b[01;35m\x1b[K\x1b]8;;https://gcc.gnu.org/onlinedocs/gcc/Warning-Options.html#index-Wunused-parameter\x07-Wunused-parameter\x1b]8;;\x07\x1b[m\x1b[K]\n'}
[42.816843] (rplidar_ros) StderrLine: {'line': b'   56 |         virtual void onDecodingError(int errMsg, _u8 ansType, const void* payload, \x1b[01;35m\x1b[Ksize_t size\x1b[m\x1b[K) {}\n'}
[42.817845] (rplidar_ros) StderrLine: {'line': b'      |                                                                                    \x1b[01;35m\x1b[K~~~~~~~^~~~\x1b[m\x1b[K\n'}
[42.861946] (rplidar_ros) StderrLine: {'line': b'\x1b[01m\x1b[K/home/isc/tk2_ws/src/rplidar_ros/sdk/src/dataunpacker/unpacker/handler_capsules.cpp:\x1b[m\x1b[K In member function \xe2\x80\x98\x1b[01m\x1b[Kvoid sl::internal::unpacker::UnpackerHandler_DenseCapsuleNode::\x1b[01;32m\x1b[K_onScanNodeDenseCapsuleData\x1b[m\x1b[K(rplidar_response_dense_capsule_measurement_nodes_t&, sl::internal::LIDARSampleDataUnpackerInner*)\x1b[m\x1b[K\xe2\x80\x99:\n'}
[42.863453] (rplidar_ros) StderrLine: {'line': b'\x1b[01m\x1b[K/home/isc/tk2_ws/src/rplidar_ros/sdk/src/dataunpacker/unpacker/handler_capsules.cpp:763:30:\x1b[m\x1b[K \x1b[01;35m\x1b[Kwarning: \x1b[m\x1b[Ktype qualifiers ignored on cast result type [\x1b[01;35m\x1b[K\x1b]8;;https://gcc.gnu.org/onlinedocs/gcc/Warning-Options.html#index-Wignored-qualifiers\x07-Wignored-qualifiers\x1b]8;;\x07\x1b[m\x1b[K]\n'}
[42.864593] (rplidar_ros) StderrLine: {'line': b'  763 |             const int dist = \x1b[01;35m\x1b[Kstatic_cast<const int>(_cached_previous_dense_capsuledata.cabins[pos].distance)\x1b[m\x1b[K;\n'}
[42.867850] (rplidar_ros) StderrLine: {'line': b'      |                              \x1b[01;35m\x1b[K^~~~~~~~~~~~~~~~~~~~~~~~~~~~~~~~~~~~~~~~~~~~~~~~~~~~~~~~~~~~~~~~~~~~~~~~~~~~~~~\x1b[m\x1b[K\n'}
[42.907386] (-) TimerEvent: {}
[42.918780] (rplidar_ros) StderrLine: {'line': b'In file included from \x1b[01m\x1b[K/home/isc/tk2_ws/src/rplidar_ros/sdk/src/dataunpacker/unpacker/handler_hqnode.cpp:40\x1b[m\x1b[K:\n'}
[42.920378] (rplidar_ros) StderrLine: {'line': b'\x1b[01m\x1b[K/home/isc/tk2_ws/src/rplidar_ros/sdk/src/dataunpacker/unpacker/../dataunpacker.h:\x1b[m\x1b[K In member function \xe2\x80\x98\x1b[01m\x1b[Kvirtual void sl::internal::LIDARSampleDataListener::\x1b[01;32m\x1b[KonCustomSampleDataDecoded\x1b[m\x1b[K(_u8, _u32, const void*, size_t)\x1b[m\x1b[K\xe2\x80\x99:\n'}
[42.924302] (rplidar_ros) StderrLine: {'line': b'\x1b[01m\x1b[K/home/isc/tk2_ws/src/rplidar_ros/sdk/src/dataunpacker/unpacker/../dataunpacker.h:54:52:\x1b[m\x1b[K \x1b[01;35m\x1b[Kwarning: \x1b[m\x1b[Kunused parameter \xe2\x80\x98\x1b[01m\x1b[KansType\x1b[m\x1b[K\xe2\x80\x99 [\x1b[01;35m\x1b[K\x1b]8;;https://gcc.gnu.org/onlinedocs/gcc/Warning-Options.html#index-Wunused-parameter\x07-Wunused-parameter\x1b]8;;\x07\x1b[m\x1b[K]\n'}
[42.925465] (rplidar_ros) StderrLine: {'line': b'   54 |         virtual void onCustomSampleDataDecoded(\x1b[01;35m\x1b[K_u8 ansType\x1b[m\x1b[K, _u32 customCode, const void* data, size_t size) {}\n'}
[42.926401] (rplidar_ros) StderrLine: {'line': b'      |                                                \x1b[01;35m\x1b[K~~~~^~~~~~~\x1b[m\x1b[K\n'}
[42.929424] (rplidar_ros) StderrLine: {'line': b'\x1b[01m\x1b[K/home/isc/tk2_ws/src/rplidar_ros/sdk/src/dataunpacker/unpacker/../dataunpacker.h:54:66:\x1b[m\x1b[K \x1b[01;35m\x1b[Kwarning: \x1b[m\x1b[Kunused parameter \xe2\x80\x98\x1b[01m\x1b[KcustomCode\x1b[m\x1b[K\xe2\x80\x99 [\x1b[01;35m\x1b[K\x1b]8;;https://gcc.gnu.org/onlinedocs/gcc/Warning-Options.html#index-Wunused-parameter\x07-Wunused-parameter\x1b]8;;\x07\x1b[m\x1b[K]\n'}
[42.930488] (rplidar_ros) StderrLine: {'line': b'   54 |         virtual void onCustomSampleDataDecoded(_u8 ansType, \x1b[01;35m\x1b[K_u32 customCode\x1b[m\x1b[K, const void* data, size_t size) {}\n'}
[42.931665] (rplidar_ros) StderrLine: {'line': b'      |                                                             \x1b[01;35m\x1b[K~~~~~^~~~~~~~~~\x1b[m\x1b[K\n'}
[42.935852] (rplidar_ros) StderrLine: {'line': b'\x1b[01m\x1b[K/home/isc/tk2_ws/src/rplidar_ros/sdk/src/dataunpacker/unpacker/../dataunpacker.h:54:90:\x1b[m\x1b[K \x1b[01;35m\x1b[Kwarning: \x1b[m\x1b[Kunused parameter \xe2\x80\x98\x1b[01m\x1b[Kdata\x1b[m\x1b[K\xe2\x80\x99 [\x1b[01;35m\x1b[K\x1b]8;;https://gcc.gnu.org/onlinedocs/gcc/Warning-Options.html#index-Wunused-parameter\x07-Wunused-parameter\x1b]8;;\x07\x1b[m\x1b[K]\n'}
[42.936779] (rplidar_ros) StderrLine: {'line': b'   54 |         virtual void onCustomSampleDataDecoded(_u8 ansType, _u32 customCode, \x1b[01;35m\x1b[Kconst void* data\x1b[m\x1b[K, size_t size) {}\n'}
[42.937759] (rplidar_ros) StderrLine: {'line': b'      |                                                                              \x1b[01;35m\x1b[K~~~~~~~~~~~~^~~~\x1b[m\x1b[K\n'}
[42.942018] (rplidar_ros) StderrLine: {'line': b'\x1b[01m\x1b[K/home/isc/tk2_ws/src/rplidar_ros/sdk/src/dataunpacker/unpacker/../dataunpacker.h:54:103:\x1b[m\x1b[K \x1b[01;35m\x1b[Kwarning: \x1b[m\x1b[Kunused parameter \xe2\x80\x98\x1b[01m\x1b[Ksize\x1b[m\x1b[K\xe2\x80\x99 [\x1b[01;35m\x1b[K\x1b]8;;https://gcc.gnu.org/onlinedocs/gcc/Warning-Options.html#index-Wunused-parameter\x07-Wunused-parameter\x1b]8;;\x07\x1b[m\x1b[K]\n'}
[42.942929] (rplidar_ros) StderrLine: {'line': b'   54 |         virtual void onCustomSampleDataDecoded(_u8 ansType, _u32 customCode, const void* data, \x1b[01;35m\x1b[Ksize_t size\x1b[m\x1b[K) {}\n'}
[42.946876] (rplidar_ros) StderrLine: {'line': b'      |                                                                                                \x1b[01;35m\x1b[K~~~~~~~^~~~\x1b[m\x1b[K\n'}
[42.947765] (rplidar_ros) StderrLine: {'line': b'\x1b[01m\x1b[K/home/isc/tk2_ws/src/rplidar_ros/sdk/src/dataunpacker/unpacker/../dataunpacker.h:\x1b[m\x1b[K In member function \xe2\x80\x98\x1b[01m\x1b[Kvirtual void sl::internal::LIDARSampleDataListener::\x1b[01;32m\x1b[KonDecodingError\x1b[m\x1b[K(int, _u8, const void*, size_t)\x1b[m\x1b[K\xe2\x80\x99:\n'}
[42.948512] (rplidar_ros) StderrLine: {'line': b'\x1b[01m\x1b[K/home/isc/tk2_ws/src/rplidar_ros/sdk/src/dataunpacker/unpacker/../dataunpacker.h:56:42:\x1b[m\x1b[K \x1b[01;35m\x1b[Kwarning: \x1b[m\x1b[Kunused parameter \xe2\x80\x98\x1b[01m\x1b[KerrMsg\x1b[m\x1b[K\xe2\x80\x99 [\x1b[01;35m\x1b[K\x1b]8;;https://gcc.gnu.org/onlinedocs/gcc/Warning-Options.html#index-Wunused-parameter\x07-Wunused-parameter\x1b]8;;\x07\x1b[m\x1b[K]\n'}
[42.952921] (rplidar_ros) StderrLine: {'line': b'   56 |         virtual void onDecodingError(\x1b[01;35m\x1b[Kint errMsg\x1b[m\x1b[K, _u8 ansType, const void* payload, size_t size) {}\n'}
[42.953765] (rplidar_ros) StderrLine: {'line': b'      |                                      \x1b[01;35m\x1b[K~~~~^~~~~~\x1b[m\x1b[K\n'}
[42.954589] (rplidar_ros) StderrLine: {'line': b'\x1b[01m\x1b[K/home/isc/tk2_ws/src/rplidar_ros/sdk/src/dataunpacker/unpacker/../dataunpacker.h:56:54:\x1b[m\x1b[K \x1b[01;35m\x1b[Kwarning: \x1b[m\x1b[Kunused parameter \xe2\x80\x98\x1b[01m\x1b[KansType\x1b[m\x1b[K\xe2\x80\x99 [\x1b[01;35m\x1b[K\x1b]8;;https://gcc.gnu.org/onlinedocs/gcc/Warning-Options.html#index-Wunused-parameter\x07-Wunused-parameter\x1b]8;;\x07\x1b[m\x1b[K]\n'}
[42.958784] (rplidar_ros) StderrLine: {'line': b'   56 |         virtual void onDecodingError(int errMsg, \x1b[01;35m\x1b[K_u8 ansType\x1b[m\x1b[K, const void* payload, size_t size) {}\n'}
[42.959720] (rplidar_ros) StderrLine: {'line': b'      |                                                  \x1b[01;35m\x1b[K~~~~^~~~~~~\x1b[m\x1b[K\n'}
[42.960579] (rplidar_ros) StderrLine: {'line': b'\x1b[01m\x1b[K/home/isc/tk2_ws/src/rplidar_ros/sdk/src/dataunpacker/unpacker/../dataunpacker.h:56:75:\x1b[m\x1b[K \x1b[01;35m\x1b[Kwarning: \x1b[m\x1b[Kunused parameter \xe2\x80\x98\x1b[01m\x1b[Kpayload\x1b[m\x1b[K\xe2\x80\x99 [\x1b[01;35m\x1b[K\x1b]8;;https://gcc.gnu.org/onlinedocs/gcc/Warning-Options.html#index-Wunused-parameter\x07-Wunused-parameter\x1b]8;;\x07\x1b[m\x1b[K]\n'}
[42.964733] (rplidar_ros) StderrLine: {'line': b'   56 |         virtual void onDecodingError(int errMsg, _u8 ansType, \x1b[01;35m\x1b[Kconst void* payload\x1b[m\x1b[K, size_t size) {}\n'}
[42.965644] (rplidar_ros) StderrLine: {'line': b'      |                                                               \x1b[01;35m\x1b[K~~~~~~~~~~~~^~~~~~~\x1b[m\x1b[K\n'}
[42.966673] (rplidar_ros) StderrLine: {'line': b'\x1b[01m\x1b[K/home/isc/tk2_ws/src/rplidar_ros/sdk/src/dataunpacker/unpacker/../dataunpacker.h:56:91:\x1b[m\x1b[K \x1b[01;35m\x1b[Kwarning: \x1b[m\x1b[Kunused parameter \xe2\x80\x98\x1b[01m\x1b[Ksize\x1b[m\x1b[K\xe2\x80\x99 [\x1b[01;35m\x1b[K\x1b]8;;https://gcc.gnu.org/onlinedocs/gcc/Warning-Options.html#index-Wunused-parameter\x07-Wunused-parameter\x1b]8;;\x07\x1b[m\x1b[K]\n'}
[42.970968] (rplidar_ros) StderrLine: {'line': b'   56 |         virtual void onDecodingError(int errMsg, _u8 ansType, const void* payload, \x1b[01;35m\x1b[Ksize_t size\x1b[m\x1b[K) {}\n'}
[42.971873] (rplidar_ros) StderrLine: {'line': b'      |                                                                                    \x1b[01;35m\x1b[K~~~~~~~^~~~\x1b[m\x1b[K\n'}
[42.972741] (rplidar_ros) StderrLine: {'line': b'In file included from \x1b[01m\x1b[K/home/isc/tk2_ws/src/rplidar_ros/sdk/include/rplidar_protocol.h:36\x1b[m\x1b[K,\n'}
[42.977024] (rplidar_ros) StderrLine: {'line': b'                 from \x1b[01m\x1b[K/home/isc/tk2_ws/src/rplidar_ros/sdk/include/rplidar.h:39\x1b[m\x1b[K,\n'}
[42.978027] (rplidar_ros) StderrLine: {'line': b'                 from \x1b[01m\x1b[K/home/isc/tk2_ws/src/rplidar_ros/sdk/src/sdkcommon.h:49\x1b[m\x1b[K,\n'}
[42.978906] (rplidar_ros) StderrLine: {'line': b'                 from \x1b[01m\x1b[K/home/isc/tk2_ws/src/rplidar_ros/sdk/src/dataunpacker/unpacker/../dataunnpacker_commondef.h:41\x1b[m\x1b[K,\n'}
[42.986393] (rplidar_ros) StderrLine: {'line': b'                 from \x1b[01m\x1b[K/home/isc/tk2_ws/src/rplidar_ros/sdk/src/dataunpacker/unpacker/handler_capsules.cpp:39\x1b[m\x1b[K:\n'}
[42.987653] (rplidar_ros) StderrLine: {'line': b'\x1b[01m\x1b[K/home/isc/tk2_ws/src/rplidar_ros/sdk/include/sl_lidar_protocol.h:66:16:\x1b[m\x1b[K \x1b[01;35m\x1b[Kwarning: \x1b[m\x1b[KISO C++ forbids zero-size array \xe2\x80\x98\x1b[01m\x1b[Kdata\x1b[m\x1b[K\xe2\x80\x99 [\x1b[01;35m\x1b[K\x1b]8;;https://gcc.gnu.org/onlinedocs/gcc/Warning-Options.html#index-Wpedantic\x07-Wpedantic\x1b]8;;\x07\x1b[m\x1b[K]\n'}
[42.988560] (rplidar_ros) StderrLine: {'line': b'   66 |     sl_u8 data[\x1b[01;35m\x1b[K0\x1b[m\x1b[K];\n'}
[42.989404] (rplidar_ros) StderrLine: {'line': b'      |                \x1b[01;35m\x1b[K^\x1b[m\x1b[K\n'}
[42.990120] (rplidar_ros) StderrLine: {'line': b'In file included from \x1b[01m\x1b[K/home/isc/tk2_ws/src/rplidar_ros/sdk/include/rplidar_cmd.h:36\x1b[m\x1b[K,\n'}
[42.994279] (rplidar_ros) StderrLine: {'line': b'                 from \x1b[01m\x1b[K/home/isc/tk2_ws/src/rplidar_ros/sdk/include/rplidar.h:40\x1b[m\x1b[K:\n'}
[42.995301] (rplidar_ros) StderrLine: {'line': b'\x1b[01m\x1b[K/home/isc/tk2_ws/src/rplidar_ros/sdk/include/sl_lidar_cmd.h:324:20:\x1b[m\x1b[K \x1b[01;35m\x1b[Kwarning: \x1b[m\x1b[KISO C++ forbids zero-size array \xe2\x80\x98\x1b[01m\x1b[Kpayload\x1b[m\x1b[K\xe2\x80\x99 [\x1b[01;35m\x1b[K\x1b]8;;https://gcc.gnu.org/onlinedocs/gcc/Warning-Options.html#index-Wpedantic\x07-Wpedantic\x1b]8;;\x07\x1b[m\x1b[K]\n'}
[42.996543] (rplidar_ros) StderrLine: {'line': b'  324 |     sl_u8  payload[\x1b[01;35m\x1b[K0\x1b[m\x1b[K];\n'}
[43.000418] (rplidar_ros) StderrLine: {'line': b'      |                    \x1b[01;35m\x1b[K^\x1b[m\x1b[K\n'}
[43.010387] (-) TimerEvent: {}
[43.111301] (-) TimerEvent: {}
[43.212141] (-) TimerEvent: {}
[43.313530] (-) TimerEvent: {}
[43.417757] (-) TimerEvent: {}
[43.518680] (-) TimerEvent: {}
[43.620366] (rplidar_ros) StderrLine: {'line': b'In file included from \x1b[01m\x1b[K/home/isc/tk2_ws/src/rplidar_ros/sdk/src/dataunpacker/unpacker/handler_capsules.cpp:40\x1b[m\x1b[K:\n'}
[43.621476] (-) TimerEvent: {}
[43.624634] (rplidar_ros) StderrLine: {'line': b'\x1b[01m\x1b[K/home/isc/tk2_ws/src/rplidar_ros/sdk/src/dataunpacker/unpacker/../dataunpacker.h:\x1b[m\x1b[K In member function \xe2\x80\x98\x1b[01m\x1b[Kvirtual void sl::internal::LIDARSampleDataListener::\x1b[01;32m\x1b[KonCustomSampleDataDecoded\x1b[m\x1b[K(_u8, _u32, const void*, size_t)\x1b[m\x1b[K\xe2\x80\x99:\n'}
[43.628950] (rplidar_ros) StderrLine: {'line': b'\x1b[01m\x1b[K/home/isc/tk2_ws/src/rplidar_ros/sdk/src/dataunpacker/unpacker/../dataunpacker.h:54:52:\x1b[m\x1b[K \x1b[01;35m\x1b[Kwarning: \x1b[m\x1b[Kunused parameter \xe2\x80\x98\x1b[01m\x1b[KansType\x1b[m\x1b[K\xe2\x80\x99 [\x1b[01;35m\x1b[K\x1b]8;;https://gcc.gnu.org/onlinedocs/gcc/Warning-Options.html#index-Wunused-parameter\x07-Wunused-parameter\x1b]8;;\x07\x1b[m\x1b[K]\n'}
[43.629838] (rplidar_ros) StderrLine: {'line': b'   54 |         virtual void onCustomSampleDataDecoded(\x1b[01;35m\x1b[K_u8 ansType\x1b[m\x1b[K, _u32 customCode, const void* data, size_t size) {}\n'}
[43.631269] (rplidar_ros) StderrLine: {'line': b'      |                                                \x1b[01;35m\x1b[K~~~~^~~~~~~\x1b[m\x1b[K\n'}
[43.632047] (rplidar_ros) StderrLine: {'line': b'\x1b[01m\x1b[K/home/isc/tk2_ws/src/rplidar_ros/sdk/src/dataunpacker/unpacker/../dataunpacker.h:54:66:\x1b[m\x1b[K \x1b[01;35m\x1b[Kwarning: \x1b[m\x1b[Kunused parameter \xe2\x80\x98\x1b[01m\x1b[KcustomCode\x1b[m\x1b[K\xe2\x80\x99 [\x1b[01;35m\x1b[K\x1b]8;;https://gcc.gnu.org/onlinedocs/gcc/Warning-Options.html#index-Wunused-parameter\x07-Wunused-parameter\x1b]8;;\x07\x1b[m\x1b[K]\n'}
[43.632877] (rplidar_ros) StderrLine: {'line': b'   54 |         virtual void onCustomSampleDataDecoded(_u8 ansType, \x1b[01;35m\x1b[K_u32 customCode\x1b[m\x1b[K, const void* data, size_t size) {}\n'}
[43.638940] (rplidar_ros) StderrLine: {'line': b'      |                                                             \x1b[01;35m\x1b[K~~~~~^~~~~~~~~~\x1b[m\x1b[K\n'}
[43.639703] (rplidar_ros) StderrLine: {'line': b'\x1b[01m\x1b[K/home/isc/tk2_ws/src/rplidar_ros/sdk/src/dataunpacker/unpacker/../dataunpacker.h:54:90:\x1b[m\x1b[K \x1b[01;35m\x1b[Kwarning: \x1b[m\x1b[Kunused parameter \xe2\x80\x98\x1b[01m\x1b[Kdata\x1b[m\x1b[K\xe2\x80\x99 [\x1b[01;35m\x1b[K\x1b]8;;https://gcc.gnu.org/onlinedocs/gcc/Warning-Options.html#index-Wunused-parameter\x07-Wunused-parameter\x1b]8;;\x07\x1b[m\x1b[K]\n'}
[43.640458] (rplidar_ros) StderrLine: {'line': b'   54 |         virtual void onCustomSampleDataDecoded(_u8 ansType, _u32 customCode, \x1b[01;35m\x1b[Kconst void* data\x1b[m\x1b[K, size_t size) {}\n'}
[43.641055] (rplidar_ros) StderrLine: {'line': b'      |                                                                              \x1b[01;35m\x1b[K~~~~~~~~~~~~^~~~\x1b[m\x1b[K\n'}
[43.644993] (rplidar_ros) StderrLine: {'line': b'\x1b[01m\x1b[K/home/isc/tk2_ws/src/rplidar_ros/sdk/src/dataunpacker/unpacker/../dataunpacker.h:54:103:\x1b[m\x1b[K \x1b[01;35m\x1b[Kwarning: \x1b[m\x1b[Kunused parameter \xe2\x80\x98\x1b[01m\x1b[Ksize\x1b[m\x1b[K\xe2\x80\x99 [\x1b[01;35m\x1b[K\x1b]8;;https://gcc.gnu.org/onlinedocs/gcc/Warning-Options.html#index-Wunused-parameter\x07-Wunused-parameter\x1b]8;;\x07\x1b[m\x1b[K]\n'}
[43.645877] (rplidar_ros) StderrLine: {'line': b'   54 |         virtual void onCustomSampleDataDecoded(_u8 ansType, _u32 customCode, const void* data, \x1b[01;35m\x1b[Ksize_t size\x1b[m\x1b[K) {}\n'}
[43.646771] (rplidar_ros) StderrLine: {'line': b'      |                                                                                                \x1b[01;35m\x1b[K~~~~~~~^~~~\x1b[m\x1b[K\n'}
[43.650768] (rplidar_ros) StderrLine: {'line': b'\x1b[01m\x1b[K/home/isc/tk2_ws/src/rplidar_ros/sdk/src/dataunpacker/unpacker/../dataunpacker.h:\x1b[m\x1b[K In member function \xe2\x80\x98\x1b[01m\x1b[Kvirtual void sl::internal::LIDARSampleDataListener::\x1b[01;32m\x1b[KonDecodingError\x1b[m\x1b[K(int, _u8, const void*, size_t)\x1b[m\x1b[K\xe2\x80\x99:\n'}
[43.651506] (rplidar_ros) StderrLine: {'line': b'\x1b[01m\x1b[K/home/isc/tk2_ws/src/rplidar_ros/sdk/src/dataunpacker/unpacker/../dataunpacker.h:56:42:\x1b[m\x1b[K \x1b[01;35m\x1b[Kwarning: \x1b[m\x1b[Kunused parameter \xe2\x80\x98\x1b[01m\x1b[KerrMsg\x1b[m\x1b[K\xe2\x80\x99 [\x1b[01;35m\x1b[K\x1b]8;;https://gcc.gnu.org/onlinedocs/gcc/Warning-Options.html#index-Wunused-parameter\x07-Wunused-parameter\x1b]8;;\x07\x1b[m\x1b[K]\n'}
[43.652103] (rplidar_ros) StderrLine: {'line': b'   56 |         virtual void onDecodingError(\x1b[01;35m\x1b[Kint errMsg\x1b[m\x1b[K, _u8 ansType, const void* payload, size_t size) {}\n'}
[43.652907] (rplidar_ros) StderrLine: {'line': b'      |                                      \x1b[01;35m\x1b[K~~~~^~~~~~\x1b[m\x1b[K\n'}
[43.656895] (rplidar_ros) StderrLine: {'line': b'\x1b[01m\x1b[K/home/isc/tk2_ws/src/rplidar_ros/sdk/src/dataunpacker/unpacker/../dataunpacker.h:56:54:\x1b[m\x1b[K \x1b[01;35m\x1b[Kwarning: \x1b[m\x1b[Kunused parameter \xe2\x80\x98\x1b[01m\x1b[KansType\x1b[m\x1b[K\xe2\x80\x99 [\x1b[01;35m\x1b[K\x1b]8;;https://gcc.gnu.org/onlinedocs/gcc/Warning-Options.html#index-Wunused-parameter\x07-Wunused-parameter\x1b]8;;\x07\x1b[m\x1b[K]\n'}
[43.657720] (rplidar_ros) StderrLine: {'line': b'   56 |         virtual void onDecodingError(int errMsg, \x1b[01;35m\x1b[K_u8 ansType\x1b[m\x1b[K, const void* payload, size_t size) {}\n'}
[43.658460] (rplidar_ros) StderrLine: {'line': b'      |                                                  \x1b[01;35m\x1b[K~~~~^~~~~~~\x1b[m\x1b[K\n'}
[43.659143] (rplidar_ros) StderrLine: {'line': b'\x1b[01m\x1b[K/home/isc/tk2_ws/src/rplidar_ros/sdk/src/dataunpacker/unpacker/../dataunpacker.h:56:75:\x1b[m\x1b[K \x1b[01;35m\x1b[Kwarning: \x1b[m\x1b[Kunused parameter \xe2\x80\x98\x1b[01m\x1b[Kpayload\x1b[m\x1b[K\xe2\x80\x99 [\x1b[01;35m\x1b[K\x1b]8;;https://gcc.gnu.org/onlinedocs/gcc/Warning-Options.html#index-Wunused-parameter\x07-Wunused-parameter\x1b]8;;\x07\x1b[m\x1b[K]\n'}
[43.663162] (rplidar_ros) StderrLine: {'line': b'   56 |         virtual void onDecodingError(int errMsg, _u8 ansType, \x1b[01;35m\x1b[Kconst void* payload\x1b[m\x1b[K, size_t size) {}\n'}
[43.663990] (rplidar_ros) StderrLine: {'line': b'      |                                                               \x1b[01;35m\x1b[K~~~~~~~~~~~~^~~~~~~\x1b[m\x1b[K\n'}
[43.664965] (rplidar_ros) StderrLine: {'line': b'\x1b[01m\x1b[K/home/isc/tk2_ws/src/rplidar_ros/sdk/src/dataunpacker/unpacker/../dataunpacker.h:56:91:\x1b[m\x1b[K \x1b[01;35m\x1b[Kwarning: \x1b[m\x1b[Kunused parameter \xe2\x80\x98\x1b[01m\x1b[Ksize\x1b[m\x1b[K\xe2\x80\x99 [\x1b[01;35m\x1b[K\x1b]8;;https://gcc.gnu.org/onlinedocs/gcc/Warning-Options.html#index-Wunused-parameter\x07-Wunused-parameter\x1b]8;;\x07\x1b[m\x1b[K]\n'}
[43.666025] (rplidar_ros) StderrLine: {'line': b'   56 |         virtual void onDecodingError(int errMsg, _u8 ansType, const void* payload, \x1b[01;35m\x1b[Ksize_t size\x1b[m\x1b[K) {}\n'}
[43.667148] (rplidar_ros) StderrLine: {'line': b'      |                                                                                    \x1b[01;35m\x1b[K~~~~~~~^~~~\x1b[m\x1b[K\n'}
[43.667948] (rplidar_ros) StdoutLine: {'line': b'[ 39%] \x1b[32mBuilding CXX object CMakeFiles/rplidar_node.dir/sdk/src/dataunpacker/unpacker/handler_hqnode.cpp.o\x1b[0m\n'}
[43.714193] (rplidar_ros) StderrLine: {'line': b'\x1b[01m\x1b[K/home/isc/tk2_ws/src/rplidar_ros/sdk/src/dataunpacker/unpacker/handler_capsules.cpp:\x1b[m\x1b[K In member function \xe2\x80\x98\x1b[01m\x1b[Kvoid sl::internal::unpacker::UnpackerHandler_DenseCapsuleNode::\x1b[01;32m\x1b[K_onScanNodeDenseCapsuleData\x1b[m\x1b[K(rplidar_response_dense_capsule_measurement_nodes_t&, sl::internal::LIDARSampleDataUnpackerInner*)\x1b[m\x1b[K\xe2\x80\x99:\n'}
[43.715353] (rplidar_ros) StderrLine: {'line': b'\x1b[01m\x1b[K/home/isc/tk2_ws/src/rplidar_ros/sdk/src/dataunpacker/unpacker/handler_capsules.cpp:763:30:\x1b[m\x1b[K \x1b[01;35m\x1b[Kwarning: \x1b[m\x1b[Ktype qualifiers ignored on cast result type [\x1b[01;35m\x1b[K\x1b]8;;https://gcc.gnu.org/onlinedocs/gcc/Warning-Options.html#index-Wignored-qualifiers\x07-Wignored-qualifiers\x1b]8;;\x07\x1b[m\x1b[K]\n'}
[43.716394] (rplidar_ros) StderrLine: {'line': b'  763 |             const int dist = \x1b[01;35m\x1b[Kstatic_cast<const int>(_cached_previous_dense_capsuledata.cabins[pos].distance)\x1b[m\x1b[K;\n'}
[43.717358] (rplidar_ros) StderrLine: {'line': b'      |                              \x1b[01;35m\x1b[K^~~~~~~~~~~~~~~~~~~~~~~~~~~~~~~~~~~~~~~~~~~~~~~~~~~~~~~~~~~~~~~~~~~~~~~~~~~~~~~\x1b[m\x1b[K\n'}
[43.721717] (-) TimerEvent: {}
[43.802335] (rplidar_ros) StdoutLine: {'line': b'[ 42%] \x1b[32mBuilding CXX object CMakeFiles/rplidar_composition.dir/sdk/src/dataunpacker/unpacker/handler_normalnode.cpp.o\x1b[0m\n'}
[43.823352] (-) TimerEvent: {}
[43.924167] (-) TimerEvent: {}
[44.025648] (-) TimerEvent: {}
[44.127711] (-) TimerEvent: {}
[44.231414] (-) TimerEvent: {}
[44.332127] (-) TimerEvent: {}
[44.432988] (-) TimerEvent: {}
[44.495474] (rplidar_ros) StdoutLine: {'line': b'[ 44%] \x1b[32mBuilding CXX object CMakeFiles/rplidar_composition.dir/sdk/src/hal/thread.cpp.o\x1b[0m\n'}
[44.535374] (-) TimerEvent: {}
[44.636295] (-) TimerEvent: {}
[44.739350] (-) TimerEvent: {}
[44.840141] (-) TimerEvent: {}
[44.941073] (-) TimerEvent: {}
[45.043735] (-) TimerEvent: {}
[45.144672] (-) TimerEvent: {}
[45.248793] (-) TimerEvent: {}
[45.350397] (-) TimerEvent: {}
[45.454793] (-) TimerEvent: {}
[45.555730] (-) TimerEvent: {}
[45.659665] (-) TimerEvent: {}
[45.760803] (-) TimerEvent: {}
[45.861714] (-) TimerEvent: {}
[45.963743] (-) TimerEvent: {}
[46.067469] (-) TimerEvent: {}
[46.168540] (-) TimerEvent: {}
[46.269452] (-) TimerEvent: {}
[46.372885] (-) TimerEvent: {}
[46.472330] (rplidar_ros) StderrLine: {'line': b'In file included from \x1b[01m\x1b[K/home/isc/tk2_ws/src/rplidar_ros/sdk/include/rplidar_protocol.h:36\x1b[m\x1b[K,\n'}
[46.473691] (-) TimerEvent: {}
[46.476959] (rplidar_ros) StderrLine: {'line': b'                 from \x1b[01m\x1b[K/home/isc/tk2_ws/src/rplidar_ros/sdk/include/rplidar.h:39\x1b[m\x1b[K,\n'}
[46.478234] (rplidar_ros) StderrLine: {'line': b'                 from \x1b[01m\x1b[K/home/isc/tk2_ws/src/rplidar_ros/sdk/src/sdkcommon.h:49\x1b[m\x1b[K,\n'}
[46.481439] (rplidar_ros) StderrLine: {'line': b'                 from \x1b[01m\x1b[K/home/isc/tk2_ws/src/rplidar_ros/sdk/src/dataunpacker/unpacker/../dataunnpacker_commondef.h:41\x1b[m\x1b[K,\n'}
[46.483904] (rplidar_ros) StderrLine: {'line': b'                 from \x1b[01m\x1b[K/home/isc/tk2_ws/src/rplidar_ros/sdk/src/dataunpacker/unpacker/handler_hqnode.cpp:39\x1b[m\x1b[K:\n'}
[46.485032] (rplidar_ros) StderrLine: {'line': b'\x1b[01m\x1b[K/home/isc/tk2_ws/src/rplidar_ros/sdk/include/sl_lidar_protocol.h:66:16:\x1b[m\x1b[K \x1b[01;35m\x1b[Kwarning: \x1b[m\x1b[KISO C++ forbids zero-size array \xe2\x80\x98\x1b[01m\x1b[Kdata\x1b[m\x1b[K\xe2\x80\x99 [\x1b[01;35m\x1b[K\x1b]8;;https://gcc.gnu.org/onlinedocs/gcc/Warning-Options.html#index-Wpedantic\x07-Wpedantic\x1b]8;;\x07\x1b[m\x1b[K]\n'}
[46.489481] (rplidar_ros) StderrLine: {'line': b'   66 |     sl_u8 data[\x1b[01;35m\x1b[K0\x1b[m\x1b[K];\n'}
[46.490784] (rplidar_ros) StderrLine: {'line': b'      |                \x1b[01;35m\x1b[K^\x1b[m\x1b[K\n'}
[46.495151] (rplidar_ros) StderrLine: {'line': b'In file included from \x1b[01m\x1b[K/home/isc/tk2_ws/src/rplidar_ros/sdk/include/rplidar_cmd.h:36\x1b[m\x1b[K,\n'}
[46.496451] (rplidar_ros) StderrLine: {'line': b'                 from \x1b[01m\x1b[K/home/isc/tk2_ws/src/rplidar_ros/sdk/include/rplidar.h:40\x1b[m\x1b[K:\n'}
[46.500828] (rplidar_ros) StderrLine: {'line': b'\x1b[01m\x1b[K/home/isc/tk2_ws/src/rplidar_ros/sdk/include/sl_lidar_cmd.h:324:20:\x1b[m\x1b[K \x1b[01;35m\x1b[Kwarning: \x1b[m\x1b[KISO C++ forbids zero-size array \xe2\x80\x98\x1b[01m\x1b[Kpayload\x1b[m\x1b[K\xe2\x80\x99 [\x1b[01;35m\x1b[K\x1b]8;;https://gcc.gnu.org/onlinedocs/gcc/Warning-Options.html#index-Wpedantic\x07-Wpedantic\x1b]8;;\x07\x1b[m\x1b[K]\n'}
[46.502099] (rplidar_ros) StderrLine: {'line': b'  324 |     sl_u8  payload[\x1b[01;35m\x1b[K0\x1b[m\x1b[K];\n'}
[46.506377] (rplidar_ros) StderrLine: {'line': b'      |                    \x1b[01;35m\x1b[K^\x1b[m\x1b[K\n'}
[46.576454] (-) TimerEvent: {}
[46.669816] (rplidar_ros) StderrLine: {'line': b'In file included from \x1b[01m\x1b[K/home/isc/tk2_ws/src/rplidar_ros/sdk/include/rplidar_protocol.h:36\x1b[m\x1b[K,\n'}
[46.671780] (rplidar_ros) StderrLine: {'line': b'                 from \x1b[01m\x1b[K/home/isc/tk2_ws/src/rplidar_ros/sdk/include/rplidar.h:39\x1b[m\x1b[K,\n'}
[46.672958] (rplidar_ros) StderrLine: {'line': b'                 from \x1b[01m\x1b[K/home/isc/tk2_ws/src/rplidar_ros/sdk/src/sdkcommon.h:49\x1b[m\x1b[K,\n'}
[46.679830] (-) TimerEvent: {}
[46.680500] (rplidar_ros) StderrLine: {'line': b'                 from \x1b[01m\x1b[K/home/isc/tk2_ws/src/rplidar_ros/sdk/src/dataunpacker/unpacker/../dataunnpacker_commondef.h:41\x1b[m\x1b[K,\n'}
[46.683735] (rplidar_ros) StderrLine: {'line': b'                 from \x1b[01m\x1b[K/home/isc/tk2_ws/src/rplidar_ros/sdk/src/dataunpacker/unpacker/handler_normalnode.cpp:39\x1b[m\x1b[K:\n'}
[46.684959] (rplidar_ros) StderrLine: {'line': b'\x1b[01m\x1b[K/home/isc/tk2_ws/src/rplidar_ros/sdk/include/sl_lidar_protocol.h:66:16:\x1b[m\x1b[K \x1b[01;35m\x1b[Kwarning: \x1b[m\x1b[KISO C++ forbids zero-size array \xe2\x80\x98\x1b[01m\x1b[Kdata\x1b[m\x1b[K\xe2\x80\x99 [\x1b[01;35m\x1b[K\x1b]8;;https://gcc.gnu.org/onlinedocs/gcc/Warning-Options.html#index-Wpedantic\x07-Wpedantic\x1b]8;;\x07\x1b[m\x1b[K]\n'}
[46.686059] (rplidar_ros) StderrLine: {'line': b'   66 |     sl_u8 data[\x1b[01;35m\x1b[K0\x1b[m\x1b[K];\n'}
[46.689654] (rplidar_ros) StderrLine: {'line': b'      |                \x1b[01;35m\x1b[K^\x1b[m\x1b[K\n'}
[46.690611] (rplidar_ros) StderrLine: {'line': b'In file included from \x1b[01m\x1b[K/home/isc/tk2_ws/src/rplidar_ros/sdk/include/rplidar_cmd.h:36\x1b[m\x1b[K,\n'}
[46.694967] (rplidar_ros) StderrLine: {'line': b'                 from \x1b[01m\x1b[K/home/isc/tk2_ws/src/rplidar_ros/sdk/include/rplidar.h:40\x1b[m\x1b[K:\n'}
[46.695865] (rplidar_ros) StderrLine: {'line': b'\x1b[01m\x1b[K/home/isc/tk2_ws/src/rplidar_ros/sdk/include/sl_lidar_cmd.h:324:20:\x1b[m\x1b[K \x1b[01;35m\x1b[Kwarning: \x1b[m\x1b[KISO C++ forbids zero-size array \xe2\x80\x98\x1b[01m\x1b[Kpayload\x1b[m\x1b[K\xe2\x80\x99 [\x1b[01;35m\x1b[K\x1b]8;;https://gcc.gnu.org/onlinedocs/gcc/Warning-Options.html#index-Wpedantic\x07-Wpedantic\x1b]8;;\x07\x1b[m\x1b[K]\n'}
[46.696940] (rplidar_ros) StderrLine: {'line': b'  324 |     sl_u8  payload[\x1b[01;35m\x1b[K0\x1b[m\x1b[K];\n'}
[46.701259] (rplidar_ros) StderrLine: {'line': b'      |                    \x1b[01;35m\x1b[K^\x1b[m\x1b[K\n'}
[46.782385] (-) TimerEvent: {}
[46.883643] (-) TimerEvent: {}
[46.985848] (-) TimerEvent: {}
[47.088876] (-) TimerEvent: {}
[47.187480] (rplidar_ros) StderrLine: {'line': b'In file included from \x1b[01m\x1b[K/home/isc/tk2_ws/src/rplidar_ros/sdk/src/dataunpacker/unpacker/handler_hqnode.cpp:40\x1b[m\x1b[K:\n'}
[47.188660] (rplidar_ros) StderrLine: {'line': b'\x1b[01m\x1b[K/home/isc/tk2_ws/src/rplidar_ros/sdk/src/dataunpacker/unpacker/../dataunpacker.h:\x1b[m\x1b[K In member function \xe2\x80\x98\x1b[01m\x1b[Kvirtual void sl::internal::LIDARSampleDataListener::\x1b[01;32m\x1b[KonCustomSampleDataDecoded\x1b[m\x1b[K(_u8, _u32, const void*, size_t)\x1b[m\x1b[K\xe2\x80\x99:\n'}
[47.189478] (-) TimerEvent: {}
[47.194708] (rplidar_ros) StderrLine: {'line': b'\x1b[01m\x1b[K/home/isc/tk2_ws/src/rplidar_ros/sdk/src/dataunpacker/unpacker/../dataunpacker.h:54:52:\x1b[m\x1b[K \x1b[01;35m\x1b[Kwarning: \x1b[m\x1b[Kunused parameter \xe2\x80\x98\x1b[01m\x1b[KansType\x1b[m\x1b[K\xe2\x80\x99 [\x1b[01;35m\x1b[K\x1b]8;;https://gcc.gnu.org/onlinedocs/gcc/Warning-Options.html#index-Wunused-parameter\x07-Wunused-parameter\x1b]8;;\x07\x1b[m\x1b[K]\n'}
[47.195872] (rplidar_ros) StderrLine: {'line': b'   54 |         virtual void onCustomSampleDataDecoded(\x1b[01;35m\x1b[K_u8 ansType\x1b[m\x1b[K, _u32 customCode, const void* data, size_t size) {}\n'}
[47.196963] (rplidar_ros) StderrLine: {'line': b'      |                                                \x1b[01;35m\x1b[K~~~~^~~~~~~\x1b[m\x1b[K\n'}
[47.201225] (rplidar_ros) StderrLine: {'line': b'\x1b[01m\x1b[K/home/isc/tk2_ws/src/rplidar_ros/sdk/src/dataunpacker/unpacker/../dataunpacker.h:54:66:\x1b[m\x1b[K \x1b[01;35m\x1b[Kwarning: \x1b[m\x1b[Kunused parameter \xe2\x80\x98\x1b[01m\x1b[KcustomCode\x1b[m\x1b[K\xe2\x80\x99 [\x1b[01;35m\x1b[K\x1b]8;;https://gcc.gnu.org/onlinedocs/gcc/Warning-Options.html#index-Wunused-parameter\x07-Wunused-parameter\x1b]8;;\x07\x1b[m\x1b[K]\n'}
[47.202386] (rplidar_ros) StderrLine: {'line': b'   54 |         virtual void onCustomSampleDataDecoded(_u8 ansType, \x1b[01;35m\x1b[K_u32 customCode\x1b[m\x1b[K, const void* data, size_t size) {}\n'}
[47.206742] (rplidar_ros) StderrLine: {'line': b'      |                                                             \x1b[01;35m\x1b[K~~~~~^~~~~~~~~~\x1b[m\x1b[K\n'}
[47.208079] (rplidar_ros) StderrLine: {'line': b'\x1b[01m\x1b[K/home/isc/tk2_ws/src/rplidar_ros/sdk/src/dataunpacker/unpacker/../dataunpacker.h:54:90:\x1b[m\x1b[K \x1b[01;35m\x1b[Kwarning: \x1b[m\x1b[Kunused parameter \xe2\x80\x98\x1b[01m\x1b[Kdata\x1b[m\x1b[K\xe2\x80\x99 [\x1b[01;35m\x1b[K\x1b]8;;https://gcc.gnu.org/onlinedocs/gcc/Warning-Options.html#index-Wunused-parameter\x07-Wunused-parameter\x1b]8;;\x07\x1b[m\x1b[K]\n'}
[47.212399] (rplidar_ros) StderrLine: {'line': b'   54 |         virtual void onCustomSampleDataDecoded(_u8 ansType, _u32 customCode, \x1b[01;35m\x1b[Kconst void* data\x1b[m\x1b[K, size_t size) {}\n'}
[47.213436] (rplidar_ros) StderrLine: {'line': b'      |                                                                              \x1b[01;35m\x1b[K~~~~~~~~~~~~^~~~\x1b[m\x1b[K\n'}
[47.214264] (rplidar_ros) StderrLine: {'line': b'\x1b[01m\x1b[K/home/isc/tk2_ws/src/rplidar_ros/sdk/src/dataunpacker/unpacker/../dataunpacker.h:54:103:\x1b[m\x1b[K \x1b[01;35m\x1b[Kwarning: \x1b[m\x1b[Kunused parameter \xe2\x80\x98\x1b[01m\x1b[Ksize\x1b[m\x1b[K\xe2\x80\x99 [\x1b[01;35m\x1b[K\x1b]8;;https://gcc.gnu.org/onlinedocs/gcc/Warning-Options.html#index-Wunused-parameter\x07-Wunused-parameter\x1b]8;;\x07\x1b[m\x1b[K]\n'}
[47.215160] (rplidar_ros) StderrLine: {'line': b'   54 |         virtual void onCustomSampleDataDecoded(_u8 ansType, _u32 customCode, const void* data, \x1b[01;35m\x1b[Ksize_t size\x1b[m\x1b[K) {}\n'}
[47.219578] (rplidar_ros) StderrLine: {'line': b'      |                                                                                                \x1b[01;35m\x1b[K~~~~~~~^~~~\x1b[m\x1b[K\n'}
[47.220569] (rplidar_ros) StderrLine: {'line': b'\x1b[01m\x1b[K/home/isc/tk2_ws/src/rplidar_ros/sdk/src/dataunpacker/unpacker/../dataunpacker.h:\x1b[m\x1b[K In member function \xe2\x80\x98\x1b[01m\x1b[Kvirtual void sl::internal::LIDARSampleDataListener::\x1b[01;32m\x1b[KonDecodingError\x1b[m\x1b[K(int, _u8, const void*, size_t)\x1b[m\x1b[K\xe2\x80\x99:\n'}
[47.224584] (rplidar_ros) StderrLine: {'line': b'\x1b[01m\x1b[K/home/isc/tk2_ws/src/rplidar_ros/sdk/src/dataunpacker/unpacker/../dataunpacker.h:56:42:\x1b[m\x1b[K \x1b[01;35m\x1b[Kwarning: \x1b[m\x1b[Kunused parameter \xe2\x80\x98\x1b[01m\x1b[KerrMsg\x1b[m\x1b[K\xe2\x80\x99 [\x1b[01;35m\x1b[K\x1b]8;;https://gcc.gnu.org/onlinedocs/gcc/Warning-Options.html#index-Wunused-parameter\x07-Wunused-parameter\x1b]8;;\x07\x1b[m\x1b[K]\n'}
[47.226109] (rplidar_ros) StderrLine: {'line': b'   56 |         virtual void onDecodingError(\x1b[01;35m\x1b[Kint errMsg\x1b[m\x1b[K, _u8 ansType, const void* payload, size_t size) {}\n'}
[47.230597] (rplidar_ros) StderrLine: {'line': b'      |                                      \x1b[01;35m\x1b[K~~~~^~~~~~\x1b[m\x1b[K\n'}
[47.231803] (rplidar_ros) StderrLine: {'line': b'\x1b[01m\x1b[K/home/isc/tk2_ws/src/rplidar_ros/sdk/src/dataunpacker/unpacker/../dataunpacker.h:56:54:\x1b[m\x1b[K \x1b[01;35m\x1b[Kwarning: \x1b[m\x1b[Kunused parameter \xe2\x80\x98\x1b[01m\x1b[KansType\x1b[m\x1b[K\xe2\x80\x99 [\x1b[01;35m\x1b[K\x1b]8;;https://gcc.gnu.org/onlinedocs/gcc/Warning-Options.html#index-Wunused-parameter\x07-Wunused-parameter\x1b]8;;\x07\x1b[m\x1b[K]\n'}
[47.232993] (rplidar_ros) StderrLine: {'line': b'   56 |         virtual void onDecodingError(int errMsg, \x1b[01;35m\x1b[K_u8 ansType\x1b[m\x1b[K, const void* payload, size_t size) {}\n'}
[47.237350] (rplidar_ros) StderrLine: {'line': b'      |                                                  \x1b[01;35m\x1b[K~~~~^~~~~~~\x1b[m\x1b[K\n'}
[47.238499] (rplidar_ros) StderrLine: {'line': b'\x1b[01m\x1b[K/home/isc/tk2_ws/src/rplidar_ros/sdk/src/dataunpacker/unpacker/../dataunpacker.h:56:75:\x1b[m\x1b[K \x1b[01;35m\x1b[Kwarning: \x1b[m\x1b[Kunused parameter \xe2\x80\x98\x1b[01m\x1b[Kpayload\x1b[m\x1b[K\xe2\x80\x99 [\x1b[01;35m\x1b[K\x1b]8;;https://gcc.gnu.org/onlinedocs/gcc/Warning-Options.html#index-Wunused-parameter\x07-Wunused-parameter\x1b]8;;\x07\x1b[m\x1b[K]\n'}
[47.243014] (rplidar_ros) StderrLine: {'line': b'   56 |         virtual void onDecodingError(int errMsg, _u8 ansType, \x1b[01;35m\x1b[Kconst void* payload\x1b[m\x1b[K, size_t size) {}\n'}
[47.244374] (rplidar_ros) StderrLine: {'line': b'      |                                                               \x1b[01;35m\x1b[K~~~~~~~~~~~~^~~~~~~\x1b[m\x1b[K\n'}
[47.249026] (rplidar_ros) StderrLine: {'line': b'\x1b[01m\x1b[K/home/isc/tk2_ws/src/rplidar_ros/sdk/src/dataunpacker/unpacker/../dataunpacker.h:56:91:\x1b[m\x1b[K \x1b[01;35m\x1b[Kwarning: \x1b[m\x1b[Kunused parameter \xe2\x80\x98\x1b[01m\x1b[Ksize\x1b[m\x1b[K\xe2\x80\x99 [\x1b[01;35m\x1b[K\x1b]8;;https://gcc.gnu.org/onlinedocs/gcc/Warning-Options.html#index-Wunused-parameter\x07-Wunused-parameter\x1b]8;;\x07\x1b[m\x1b[K]\n'}
[47.250699] (rplidar_ros) StderrLine: {'line': b'   56 |         virtual void onDecodingError(int errMsg, _u8 ansType, const void* payload, \x1b[01;35m\x1b[Ksize_t size\x1b[m\x1b[K) {}\n'}
[47.255411] (rplidar_ros) StderrLine: {'line': b'      |                                                                                    \x1b[01;35m\x1b[K~~~~~~~^~~~\x1b[m\x1b[K\n'}
[47.292391] (-) TimerEvent: {}
[47.378651] (rplidar_ros) StderrLine: {'line': b'In file included from \x1b[01m\x1b[K/home/isc/tk2_ws/src/rplidar_ros/sdk/src/dataunpacker/unpacker/handler_normalnode.cpp:40\x1b[m\x1b[K:\n'}
[47.381877] (rplidar_ros) StderrLine: {'line': b'\x1b[01m\x1b[K/home/isc/tk2_ws/src/rplidar_ros/sdk/src/dataunpacker/unpacker/../dataunpacker.h:\x1b[m\x1b[K In member function \xe2\x80\x98\x1b[01m\x1b[Kvirtual void sl::internal::LIDARSampleDataListener::\x1b[01;32m\x1b[KonCustomSampleDataDecoded\x1b[m\x1b[K(_u8, _u32, const void*, size_t)\x1b[m\x1b[K\xe2\x80\x99:\n'}
[47.385450] (rplidar_ros) StderrLine: {'line': b'\x1b[01m\x1b[K/home/isc/tk2_ws/src/rplidar_ros/sdk/src/dataunpacker/unpacker/../dataunpacker.h:54:52:\x1b[m\x1b[K \x1b[01;35m\x1b[Kwarning: \x1b[m\x1b[Kunused parameter \xe2\x80\x98\x1b[01m\x1b[KansType\x1b[m\x1b[K\xe2\x80\x99 [\x1b[01;35m\x1b[K\x1b]8;;https://gcc.gnu.org/onlinedocs/gcc/Warning-Options.html#index-Wunused-parameter\x07-Wunused-parameter\x1b]8;;\x07\x1b[m\x1b[K]\n'}
[47.386599] (rplidar_ros) StderrLine: {'line': b'   54 |         virtual void onCustomSampleDataDecoded(\x1b[01;35m\x1b[K_u8 ansType\x1b[m\x1b[K, _u32 customCode, const void* data, size_t size) {}\n'}
[47.387379] (rplidar_ros) StderrLine: {'line': b'      |                                                \x1b[01;35m\x1b[K~~~~^~~~~~~\x1b[m\x1b[K\n'}
[47.388094] (rplidar_ros) StderrLine: {'line': b'\x1b[01m\x1b[K/home/isc/tk2_ws/src/rplidar_ros/sdk/src/dataunpacker/unpacker/../dataunpacker.h:54:66:\x1b[m\x1b[K \x1b[01;35m\x1b[Kwarning: \x1b[m\x1b[Kunused parameter \xe2\x80\x98\x1b[01m\x1b[KcustomCode\x1b[m\x1b[K\xe2\x80\x99 [\x1b[01;35m\x1b[K\x1b]8;;https://gcc.gnu.org/onlinedocs/gcc/Warning-Options.html#index-Wunused-parameter\x07-Wunused-parameter\x1b]8;;\x07\x1b[m\x1b[K]\n'}
[47.392342] (rplidar_ros) StderrLine: {'line': b'   54 |         virtual void onCustomSampleDataDecoded(_u8 ansType, \x1b[01;35m\x1b[K_u32 customCode\x1b[m\x1b[K, const void* data, size_t size) {}\n'}
[47.393228] (-) TimerEvent: {}
[47.393788] (rplidar_ros) StderrLine: {'line': b'      |                                                             \x1b[01;35m\x1b[K~~~~~^~~~~~~~~~\x1b[m\x1b[K\n'}
[47.397912] (rplidar_ros) StderrLine: {'line': b'\x1b[01m\x1b[K/home/isc/tk2_ws/src/rplidar_ros/sdk/src/dataunpacker/unpacker/../dataunpacker.h:54:90:\x1b[m\x1b[K \x1b[01;35m\x1b[Kwarning: \x1b[m\x1b[Kunused parameter \xe2\x80\x98\x1b[01m\x1b[Kdata\x1b[m\x1b[K\xe2\x80\x99 [\x1b[01;35m\x1b[K\x1b]8;;https://gcc.gnu.org/onlinedocs/gcc/Warning-Options.html#index-Wunused-parameter\x07-Wunused-parameter\x1b]8;;\x07\x1b[m\x1b[K]\n'}
[47.398795] (rplidar_ros) StderrLine: {'line': b'   54 |         virtual void onCustomSampleDataDecoded(_u8 ansType, _u32 customCode, \x1b[01;35m\x1b[Kconst void* data\x1b[m\x1b[K, size_t size) {}\n'}
[47.399636] (rplidar_ros) StderrLine: {'line': b'      |                                                                              \x1b[01;35m\x1b[K~~~~~~~~~~~~^~~~\x1b[m\x1b[K\n'}
[47.403552] (rplidar_ros) StderrLine: {'line': b'\x1b[01m\x1b[K/home/isc/tk2_ws/src/rplidar_ros/sdk/src/dataunpacker/unpacker/../dataunpacker.h:54:103:\x1b[m\x1b[K \x1b[01;35m\x1b[Kwarning: \x1b[m\x1b[Kunused parameter \xe2\x80\x98\x1b[01m\x1b[Ksize\x1b[m\x1b[K\xe2\x80\x99 [\x1b[01;35m\x1b[K\x1b]8;;https://gcc.gnu.org/onlinedocs/gcc/Warning-Options.html#index-Wunused-parameter\x07-Wunused-parameter\x1b]8;;\x07\x1b[m\x1b[K]\n'}
[47.404461] (rplidar_ros) StderrLine: {'line': b'   54 |         virtual void onCustomSampleDataDecoded(_u8 ansType, _u32 customCode, const void* data, \x1b[01;35m\x1b[Ksize_t size\x1b[m\x1b[K) {}\n'}
[47.405306] (rplidar_ros) StderrLine: {'line': b'      |                                                                                                \x1b[01;35m\x1b[K~~~~~~~^~~~\x1b[m\x1b[K\n'}
[47.406121] (rplidar_ros) StderrLine: {'line': b'\x1b[01m\x1b[K/home/isc/tk2_ws/src/rplidar_ros/sdk/src/dataunpacker/unpacker/../dataunpacker.h:\x1b[m\x1b[K In member function \xe2\x80\x98\x1b[01m\x1b[Kvirtual void sl::internal::LIDARSampleDataListener::\x1b[01;32m\x1b[KonDecodingError\x1b[m\x1b[K(int, _u8, const void*, size_t)\x1b[m\x1b[K\xe2\x80\x99:\n'}
[47.410330] (rplidar_ros) StderrLine: {'line': b'\x1b[01m\x1b[K/home/isc/tk2_ws/src/rplidar_ros/sdk/src/dataunpacker/unpacker/../dataunpacker.h:56:42:\x1b[m\x1b[K \x1b[01;35m\x1b[Kwarning: \x1b[m\x1b[Kunused parameter \xe2\x80\x98\x1b[01m\x1b[KerrMsg\x1b[m\x1b[K\xe2\x80\x99 [\x1b[01;35m\x1b[K\x1b]8;;https://gcc.gnu.org/onlinedocs/gcc/Warning-Options.html#index-Wunused-parameter\x07-Wunused-parameter\x1b]8;;\x07\x1b[m\x1b[K]\n'}
[47.411648] (rplidar_ros) StderrLine: {'line': b'   56 |         virtual void onDecodingError(\x1b[01;35m\x1b[Kint errMsg\x1b[m\x1b[K, _u8 ansType, const void* payload, size_t size) {}\n'}
[47.415892] (rplidar_ros) StderrLine: {'line': b'      |                                      \x1b[01;35m\x1b[K~~~~^~~~~~\x1b[m\x1b[K\n'}
[47.416811] (rplidar_ros) StderrLine: {'line': b'\x1b[01m\x1b[K/home/isc/tk2_ws/src/rplidar_ros/sdk/src/dataunpacker/unpacker/../dataunpacker.h:56:54:\x1b[m\x1b[K \x1b[01;35m\x1b[Kwarning: \x1b[m\x1b[Kunused parameter \xe2\x80\x98\x1b[01m\x1b[KansType\x1b[m\x1b[K\xe2\x80\x99 [\x1b[01;35m\x1b[K\x1b]8;;https://gcc.gnu.org/onlinedocs/gcc/Warning-Options.html#index-Wunused-parameter\x07-Wunused-parameter\x1b]8;;\x07\x1b[m\x1b[K]\n'}
[47.417725] (rplidar_ros) StderrLine: {'line': b'   56 |         virtual void onDecodingError(int errMsg, \x1b[01;35m\x1b[K_u8 ansType\x1b[m\x1b[K, const void* payload, size_t size) {}\n'}
[47.421938] (rplidar_ros) StderrLine: {'line': b'      |                                                  \x1b[01;35m\x1b[K~~~~^~~~~~~\x1b[m\x1b[K\n'}
[47.422798] (rplidar_ros) StderrLine: {'line': b'\x1b[01m\x1b[K/home/isc/tk2_ws/src/rplidar_ros/sdk/src/dataunpacker/unpacker/../dataunpacker.h:56:75:\x1b[m\x1b[K \x1b[01;35m\x1b[Kwarning: \x1b[m\x1b[Kunused parameter \xe2\x80\x98\x1b[01m\x1b[Kpayload\x1b[m\x1b[K\xe2\x80\x99 [\x1b[01;35m\x1b[K\x1b]8;;https://gcc.gnu.org/onlinedocs/gcc/Warning-Options.html#index-Wunused-parameter\x07-Wunused-parameter\x1b]8;;\x07\x1b[m\x1b[K]\n'}
[47.423791] (rplidar_ros) StderrLine: {'line': b'   56 |         virtual void onDecodingError(int errMsg, _u8 ansType, \x1b[01;35m\x1b[Kconst void* payload\x1b[m\x1b[K, size_t size) {}\n'}
[47.427904] (rplidar_ros) StderrLine: {'line': b'      |                                                               \x1b[01;35m\x1b[K~~~~~~~~~~~~^~~~~~~\x1b[m\x1b[K\n'}
[47.429037] (rplidar_ros) StderrLine: {'line': b'\x1b[01m\x1b[K/home/isc/tk2_ws/src/rplidar_ros/sdk/src/dataunpacker/unpacker/../dataunpacker.h:56:91:\x1b[m\x1b[K \x1b[01;35m\x1b[Kwarning: \x1b[m\x1b[Kunused parameter \xe2\x80\x98\x1b[01m\x1b[Ksize\x1b[m\x1b[K\xe2\x80\x99 [\x1b[01;35m\x1b[K\x1b]8;;https://gcc.gnu.org/onlinedocs/gcc/Warning-Options.html#index-Wunused-parameter\x07-Wunused-parameter\x1b]8;;\x07\x1b[m\x1b[K]\n'}
[47.429882] (rplidar_ros) StderrLine: {'line': b'   56 |         virtual void onDecodingError(int errMsg, _u8 ansType, const void* payload, \x1b[01;35m\x1b[Ksize_t size\x1b[m\x1b[K) {}\n'}
[47.433935] (rplidar_ros) StderrLine: {'line': b'      |                                                                                    \x1b[01;35m\x1b[K~~~~~~~^~~~\x1b[m\x1b[K\n'}
[47.493420] (-) TimerEvent: {}
[47.537718] (rplidar_ros) StderrLine: {'line': b'In file included from \x1b[01m\x1b[K/home/isc/tk2_ws/src/rplidar_ros/sdk/include/rplidar_protocol.h:36\x1b[m\x1b[K,\n'}
[47.538747] (rplidar_ros) StderrLine: {'line': b'                 from \x1b[01m\x1b[K/home/isc/tk2_ws/src/rplidar_ros/sdk/include/rplidar.h:39\x1b[m\x1b[K,\n'}
[47.539586] (rplidar_ros) StderrLine: {'line': b'                 from \x1b[01m\x1b[K/home/isc/tk2_ws/src/rplidar_ros/sdk/src/sdkcommon.h:49\x1b[m\x1b[K,\n'}
[47.540379] (rplidar_ros) StderrLine: {'line': b'                 from \x1b[01m\x1b[K/home/isc/tk2_ws/src/rplidar_ros/sdk/src/hal/thread.cpp:35\x1b[m\x1b[K:\n'}
[47.543095] (rplidar_ros) StderrLine: {'line': b'\x1b[01m\x1b[K/home/isc/tk2_ws/src/rplidar_ros/sdk/include/sl_lidar_protocol.h:66:16:\x1b[m\x1b[K \x1b[01;35m\x1b[Kwarning: \x1b[m\x1b[KISO C++ forbids zero-size array \xe2\x80\x98\x1b[01m\x1b[Kdata\x1b[m\x1b[K\xe2\x80\x99 [\x1b[01;35m\x1b[K\x1b]8;;https://gcc.gnu.org/onlinedocs/gcc/Warning-Options.html#index-Wpedantic\x07-Wpedantic\x1b]8;;\x07\x1b[m\x1b[K]\n'}
[47.544088] (rplidar_ros) StderrLine: {'line': b'   66 |     sl_u8 data[\x1b[01;35m\x1b[K0\x1b[m\x1b[K];\n'}
[47.545077] (rplidar_ros) StderrLine: {'line': b'      |                \x1b[01;35m\x1b[K^\x1b[m\x1b[K\n'}
[47.549094] (rplidar_ros) StderrLine: {'line': b'In file included from \x1b[01m\x1b[K/home/isc/tk2_ws/src/rplidar_ros/sdk/include/rplidar_cmd.h:36\x1b[m\x1b[K,\n'}
[47.550057] (rplidar_ros) StderrLine: {'line': b'                 from \x1b[01m\x1b[K/home/isc/tk2_ws/src/rplidar_ros/sdk/include/rplidar.h:40\x1b[m\x1b[K:\n'}
[47.554355] (rplidar_ros) StderrLine: {'line': b'\x1b[01m\x1b[K/home/isc/tk2_ws/src/rplidar_ros/sdk/include/sl_lidar_cmd.h:324:20:\x1b[m\x1b[K \x1b[01;35m\x1b[Kwarning: \x1b[m\x1b[KISO C++ forbids zero-size array \xe2\x80\x98\x1b[01m\x1b[Kpayload\x1b[m\x1b[K\xe2\x80\x99 [\x1b[01;35m\x1b[K\x1b]8;;https://gcc.gnu.org/onlinedocs/gcc/Warning-Options.html#index-Wpedantic\x07-Wpedantic\x1b]8;;\x07\x1b[m\x1b[K]\n'}
[47.555329] (rplidar_ros) StderrLine: {'line': b'  324 |     sl_u8  payload[\x1b[01;35m\x1b[K0\x1b[m\x1b[K];\n'}
[47.556081] (rplidar_ros) StderrLine: {'line': b'      |                    \x1b[01;35m\x1b[K^\x1b[m\x1b[K\n'}
[47.595387] (-) TimerEvent: {}
[47.697382] (-) TimerEvent: {}
[47.709218] (rplidar_ros) StderrLine: {'line': b'In file included from \x1b[01m\x1b[K/home/isc/tk2_ws/src/rplidar_ros/sdk/src/hal/thread.cpp:43\x1b[m\x1b[K:\n'}
[47.710133] (rplidar_ros) StderrLine: {'line': b'\x1b[01m\x1b[K/home/isc/tk2_ws/src/rplidar_ros/sdk/src/arch/linux/thread.hpp:\x1b[m\x1b[K In static member function \xe2\x80\x98\x1b[01m\x1b[Kstatic rp::hal::Thread rp::hal::Thread::\x1b[01;32m\x1b[Kcreate\x1b[m\x1b[K(thread_proc_t, void*)\x1b[m\x1b[K\xe2\x80\x99:\n'}
[47.711088] (rplidar_ros) StderrLine: {'line': b'\x1b[01m\x1b[K/home/isc/tk2_ws/src/rplidar_ros/sdk/src/arch/linux/thread.hpp:52:57:\x1b[m\x1b[K \x1b[01;35m\x1b[Kwarning: \x1b[m\x1b[Kcast between incompatible function types from \xe2\x80\x98\x1b[01m\x1b[Kthread_proc_t\x1b[m\x1b[K\xe2\x80\x99 {aka \xe2\x80\x98\x1b[01m\x1b[Klong unsigned int (*)(void*)\x1b[m\x1b[K\xe2\x80\x99} to \xe2\x80\x98\x1b[01m\x1b[Kvoid* (*)(void*)\x1b[m\x1b[K\xe2\x80\x99 [\x1b[01;35m\x1b[K\x1b]8;;https://gcc.gnu.org/onlinedocs/gcc/Warning-Options.html#index-Wcast-function-type\x07-Wcast-function-type\x1b]8;;\x07\x1b[m\x1b[K]\n'}
[47.715364] (rplidar_ros) StderrLine: {'line': b'   52 |     pthread_create((pthread_t *)&newborn._handle, NULL, \x1b[01;35m\x1b[K(void * (*)(void *))proc\x1b[m\x1b[K, data);\n'}
[47.716285] (rplidar_ros) StderrLine: {'line': b'      |                                                         \x1b[01;35m\x1b[K^~~~~~~~~~~~~~~~~~~~~~~~\x1b[m\x1b[K\n'}
[47.720387] (rplidar_ros) StderrLine: {'line': b'\x1b[01m\x1b[K/home/isc/tk2_ws/src/rplidar_ros/sdk/src/arch/linux/thread.hpp:\x1b[m\x1b[K In member function \xe2\x80\x98\x1b[01m\x1b[Ku_result rp::hal::Thread::\x1b[01;32m\x1b[Kjoin\x1b[m\x1b[K(long unsigned int)\x1b[m\x1b[K\xe2\x80\x99:\n'}
[47.721428] (rplidar_ros) StderrLine: {'line': b'\x1b[01m\x1b[K/home/isc/tk2_ws/src/rplidar_ros/sdk/src/arch/linux/thread.hpp:176:37:\x1b[m\x1b[K \x1b[01;35m\x1b[Kwarning: \x1b[m\x1b[Kunused parameter \xe2\x80\x98\x1b[01m\x1b[Ktimeout\x1b[m\x1b[K\xe2\x80\x99 [\x1b[01;35m\x1b[K\x1b]8;;https://gcc.gnu.org/onlinedocs/gcc/Warning-Options.html#index-Wunused-parameter\x07-Wunused-parameter\x1b]8;;\x07\x1b[m\x1b[K]\n'}
[47.722298] (rplidar_ros) StderrLine: {'line': b'  176 | u_result Thread::join(\x1b[01;35m\x1b[Kunsigned long timeout\x1b[m\x1b[K)\n'}
[47.726288] (rplidar_ros) StderrLine: {'line': b'      |                       \x1b[01;35m\x1b[K~~~~~~~~~~~~~~^~~~~~~\x1b[m\x1b[K\n'}
[47.799495] (-) TimerEvent: {}
[47.901222] (-) TimerEvent: {}
[48.002519] (-) TimerEvent: {}
[48.004714] (rplidar_ros) StdoutLine: {'line': b'[ 47%] \x1b[32mBuilding CXX object CMakeFiles/rplidar_node.dir/sdk/src/dataunpacker/unpacker/handler_normalnode.cpp.o\x1b[0m\n'}
[48.075395] (rplidar_ros) StdoutLine: {'line': b'[ 50%] \x1b[32mBuilding CXX object CMakeFiles/rplidar_node.dir/sdk/src/hal/thread.cpp.o\x1b[0m\n'}
[48.105462] (-) TimerEvent: {}
[48.206740] (-) TimerEvent: {}
[48.221470] (rplidar_ros) StdoutLine: {'line': b'[ 52%] \x1b[32mBuilding CXX object CMakeFiles/rplidar_composition.dir/sdk/src/rplidar_driver.cpp.o\x1b[0m\n'}
[48.309348] (-) TimerEvent: {}
[48.410143] (-) TimerEvent: {}
[48.510901] (-) TimerEvent: {}
[48.614682] (-) TimerEvent: {}
[48.715361] (-) TimerEvent: {}
[48.816103] (-) TimerEvent: {}
[48.916887] (-) TimerEvent: {}
[49.020369] (-) TimerEvent: {}
[49.121157] (-) TimerEvent: {}
[49.222060] (-) TimerEvent: {}
[49.324386] (-) TimerEvent: {}
[49.425307] (-) TimerEvent: {}
[49.529385] (-) TimerEvent: {}
[49.630304] (-) TimerEvent: {}
[49.731113] (-) TimerEvent: {}
[49.832414] (-) TimerEvent: {}
[49.934483] (-) TimerEvent: {}
[50.037753] (-) TimerEvent: {}
[50.139490] (-) TimerEvent: {}
[50.243033] (-) TimerEvent: {}
[50.346879] (-) TimerEvent: {}
[50.450538] (-) TimerEvent: {}
[50.556386] (-) TimerEvent: {}
[50.657366] (-) TimerEvent: {}
[50.760747] (-) TimerEvent: {}
[50.787424] (rplidar_ros) StderrLine: {'line': b'In file included from \x1b[01m\x1b[K/home/isc/tk2_ws/src/rplidar_ros/sdk/include/rplidar_protocol.h:36\x1b[m\x1b[K,\n'}
[50.789312] (rplidar_ros) StderrLine: {'line': b'                 from \x1b[01m\x1b[K/home/isc/tk2_ws/src/rplidar_ros/sdk/include/rplidar.h:39\x1b[m\x1b[K,\n'}
[50.790549] (rplidar_ros) StderrLine: {'line': b'                 from \x1b[01m\x1b[K/home/isc/tk2_ws/src/rplidar_ros/sdk/src/sdkcommon.h:49\x1b[m\x1b[K,\n'}
[50.793960] (rplidar_ros) StderrLine: {'line': b'                 from \x1b[01m\x1b[K/home/isc/tk2_ws/src/rplidar_ros/sdk/src/dataunpacker/unpacker/../dataunnpacker_commondef.h:41\x1b[m\x1b[K,\n'}
[50.797336] (rplidar_ros) StderrLine: {'line': b'                 from \x1b[01m\x1b[K/home/isc/tk2_ws/src/rplidar_ros/sdk/src/dataunpacker/unpacker/handler_normalnode.cpp:39\x1b[m\x1b[K:\n'}
[50.798393] (rplidar_ros) StderrLine: {'line': b'\x1b[01m\x1b[K/home/isc/tk2_ws/src/rplidar_ros/sdk/include/sl_lidar_protocol.h:66:16:\x1b[m\x1b[K \x1b[01;35m\x1b[Kwarning: \x1b[m\x1b[KISO C++ forbids zero-size array \xe2\x80\x98\x1b[01m\x1b[Kdata\x1b[m\x1b[K\xe2\x80\x99 [\x1b[01;35m\x1b[K\x1b]8;;https://gcc.gnu.org/onlinedocs/gcc/Warning-Options.html#index-Wpedantic\x07-Wpedantic\x1b]8;;\x07\x1b[m\x1b[K]\n'}
[50.802137] (rplidar_ros) StderrLine: {'line': b'   66 |     sl_u8 data[\x1b[01;35m\x1b[K0\x1b[m\x1b[K];\n'}
[50.803473] (rplidar_ros) StderrLine: {'line': b'      |                \x1b[01;35m\x1b[K^\x1b[m\x1b[K\n'}
[50.807421] (rplidar_ros) StderrLine: {'line': b'In file included from \x1b[01m\x1b[K/home/isc/tk2_ws/src/rplidar_ros/sdk/include/rplidar_cmd.h:36\x1b[m\x1b[K,\n'}
[50.808395] (rplidar_ros) StderrLine: {'line': b'                 from \x1b[01m\x1b[K/home/isc/tk2_ws/src/rplidar_ros/sdk/include/rplidar.h:40\x1b[m\x1b[K:\n'}
[50.809843] (rplidar_ros) StderrLine: {'line': b'\x1b[01m\x1b[K/home/isc/tk2_ws/src/rplidar_ros/sdk/include/sl_lidar_cmd.h:324:20:\x1b[m\x1b[K \x1b[01;35m\x1b[Kwarning: \x1b[m\x1b[KISO C++ forbids zero-size array \xe2\x80\x98\x1b[01m\x1b[Kpayload\x1b[m\x1b[K\xe2\x80\x99 [\x1b[01;35m\x1b[K\x1b]8;;https://gcc.gnu.org/onlinedocs/gcc/Warning-Options.html#index-Wpedantic\x07-Wpedantic\x1b]8;;\x07\x1b[m\x1b[K]\n'}
[50.814392] (rplidar_ros) StderrLine: {'line': b'  324 |     sl_u8  payload[\x1b[01;35m\x1b[K0\x1b[m\x1b[K];\n'}
[50.815629] (rplidar_ros) StderrLine: {'line': b'      |                    \x1b[01;35m\x1b[K^\x1b[m\x1b[K\n'}
[50.820021] (rplidar_ros) StderrLine: {'line': b'In file included from \x1b[01m\x1b[K/home/isc/tk2_ws/src/rplidar_ros/sdk/include/rplidar_protocol.h:36\x1b[m\x1b[K,\n'}
[50.821288] (rplidar_ros) StderrLine: {'line': b'                 from \x1b[01m\x1b[K/home/isc/tk2_ws/src/rplidar_ros/sdk/include/rplidar.h:39\x1b[m\x1b[K,\n'}
[50.825733] (rplidar_ros) StderrLine: {'line': b'                 from \x1b[01m\x1b[K/home/isc/tk2_ws/src/rplidar_ros/sdk/src/sdkcommon.h:49\x1b[m\x1b[K,\n'}
[50.826947] (rplidar_ros) StderrLine: {'line': b'                 from \x1b[01m\x1b[K/home/isc/tk2_ws/src/rplidar_ros/sdk/src/hal/thread.cpp:35\x1b[m\x1b[K:\n'}
[50.828033] (rplidar_ros) StderrLine: {'line': b'\x1b[01m\x1b[K/home/isc/tk2_ws/src/rplidar_ros/sdk/include/sl_lidar_protocol.h:66:16:\x1b[m\x1b[K \x1b[01;35m\x1b[Kwarning: \x1b[m\x1b[KISO C++ forbids zero-size array \xe2\x80\x98\x1b[01m\x1b[Kdata\x1b[m\x1b[K\xe2\x80\x99 [\x1b[01;35m\x1b[K\x1b]8;;https://gcc.gnu.org/onlinedocs/gcc/Warning-Options.html#index-Wpedantic\x07-Wpedantic\x1b]8;;\x07\x1b[m\x1b[K]\n'}
[50.832752] (rplidar_ros) StderrLine: {'line': b'   66 |     sl_u8 data[\x1b[01;35m\x1b[K0\x1b[m\x1b[K];\n'}
[50.833843] (rplidar_ros) StderrLine: {'line': b'      |                \x1b[01;35m\x1b[K^\x1b[m\x1b[K\n'}
[50.838028] (rplidar_ros) StderrLine: {'line': b'In file included from \x1b[01m\x1b[K/home/isc/tk2_ws/src/rplidar_ros/sdk/include/rplidar_cmd.h:36\x1b[m\x1b[K,\n'}
[50.839470] (rplidar_ros) StderrLine: {'line': b'                 from \x1b[01m\x1b[K/home/isc/tk2_ws/src/rplidar_ros/sdk/include/rplidar.h:40\x1b[m\x1b[K:\n'}
[50.843928] (rplidar_ros) StderrLine: {'line': b'\x1b[01m\x1b[K/home/isc/tk2_ws/src/rplidar_ros/sdk/include/sl_lidar_cmd.h:324:20:\x1b[m\x1b[K \x1b[01;35m\x1b[Kwarning: \x1b[m\x1b[KISO C++ forbids zero-size array \xe2\x80\x98\x1b[01m\x1b[Kpayload\x1b[m\x1b[K\xe2\x80\x99 [\x1b[01;35m\x1b[K\x1b]8;;https://gcc.gnu.org/onlinedocs/gcc/Warning-Options.html#index-Wpedantic\x07-Wpedantic\x1b]8;;\x07\x1b[m\x1b[K]\n'}
[50.845502] (rplidar_ros) StderrLine: {'line': b'  324 |     sl_u8  payload[\x1b[01;35m\x1b[K0\x1b[m\x1b[K];\n'}
[50.849898] (rplidar_ros) StderrLine: {'line': b'      |                    \x1b[01;35m\x1b[K^\x1b[m\x1b[K\n'}
[50.862381] (-) TimerEvent: {}
[50.963347] (-) TimerEvent: {}
[50.968374] (rplidar_ros) StderrLine: {'line': b'In file included from \x1b[01m\x1b[K/home/isc/tk2_ws/src/rplidar_ros/sdk/src/hal/thread.cpp:43\x1b[m\x1b[K:\n'}
[50.969245] (rplidar_ros) StderrLine: {'line': b'\x1b[01m\x1b[K/home/isc/tk2_ws/src/rplidar_ros/sdk/src/arch/linux/thread.hpp:\x1b[m\x1b[K In static member function \xe2\x80\x98\x1b[01m\x1b[Kstatic rp::hal::Thread rp::hal::Thread::\x1b[01;32m\x1b[Kcreate\x1b[m\x1b[K(thread_proc_t, void*)\x1b[m\x1b[K\xe2\x80\x99:\n'}
[50.970361] (rplidar_ros) StderrLine: {'line': b'\x1b[01m\x1b[K/home/isc/tk2_ws/src/rplidar_ros/sdk/src/arch/linux/thread.hpp:52:57:\x1b[m\x1b[K \x1b[01;35m\x1b[Kwarning: \x1b[m\x1b[Kcast between incompatible function types from \xe2\x80\x98\x1b[01m\x1b[Kthread_proc_t\x1b[m\x1b[K\xe2\x80\x99 {aka \xe2\x80\x98\x1b[01m\x1b[Klong unsigned int (*)(void*)\x1b[m\x1b[K\xe2\x80\x99} to \xe2\x80\x98\x1b[01m\x1b[Kvoid* (*)(void*)\x1b[m\x1b[K\xe2\x80\x99 [\x1b[01;35m\x1b[K\x1b]8;;https://gcc.gnu.org/onlinedocs/gcc/Warning-Options.html#index-Wcast-function-type\x07-Wcast-function-type\x1b]8;;\x07\x1b[m\x1b[K]\n'}
[50.974241] (rplidar_ros) StderrLine: {'line': b'   52 |     pthread_create((pthread_t *)&newborn._handle, NULL, \x1b[01;35m\x1b[K(void * (*)(void *))proc\x1b[m\x1b[K, data);\n'}
[50.974950] (rplidar_ros) StderrLine: {'line': b'      |                                                         \x1b[01;35m\x1b[K^~~~~~~~~~~~~~~~~~~~~~~~\x1b[m\x1b[K\n'}
[50.975655] (rplidar_ros) StderrLine: {'line': b'\x1b[01m\x1b[K/home/isc/tk2_ws/src/rplidar_ros/sdk/src/arch/linux/thread.hpp:\x1b[m\x1b[K In member function \xe2\x80\x98\x1b[01m\x1b[Ku_result rp::hal::Thread::\x1b[01;32m\x1b[Kjoin\x1b[m\x1b[K(long unsigned int)\x1b[m\x1b[K\xe2\x80\x99:\n'}
[50.979506] (rplidar_ros) StderrLine: {'line': b'\x1b[01m\x1b[K/home/isc/tk2_ws/src/rplidar_ros/sdk/src/arch/linux/thread.hpp:176:37:\x1b[m\x1b[K \x1b[01;35m\x1b[Kwarning: \x1b[m\x1b[Kunused parameter \xe2\x80\x98\x1b[01m\x1b[Ktimeout\x1b[m\x1b[K\xe2\x80\x99 [\x1b[01;35m\x1b[K\x1b]8;;https://gcc.gnu.org/onlinedocs/gcc/Warning-Options.html#index-Wunused-parameter\x07-Wunused-parameter\x1b]8;;\x07\x1b[m\x1b[K]\n'}
[50.980389] (rplidar_ros) StderrLine: {'line': b'  176 | u_result Thread::join(\x1b[01;35m\x1b[Kunsigned long timeout\x1b[m\x1b[K)\n'}
[50.981343] (rplidar_ros) StderrLine: {'line': b'      |                       \x1b[01;35m\x1b[K~~~~~~~~~~~~~~^~~~~~~\x1b[m\x1b[K\n'}
[51.063589] (-) TimerEvent: {}
[51.076409] (rplidar_ros) StderrLine: {'line': b'In file included from \x1b[01m\x1b[K/home/isc/tk2_ws/src/rplidar_ros/sdk/include/rplidar_protocol.h:36\x1b[m\x1b[K,\n'}
[51.077344] (rplidar_ros) StderrLine: {'line': b'                 from \x1b[01m\x1b[K/home/isc/tk2_ws/src/rplidar_ros/sdk/include/rplidar.h:39\x1b[m\x1b[K,\n'}
[51.078097] (rplidar_ros) StderrLine: {'line': b'                 from \x1b[01m\x1b[K/home/isc/tk2_ws/src/rplidar_ros/sdk/src/sdkcommon.h:49\x1b[m\x1b[K,\n'}
[51.079147] (rplidar_ros) StderrLine: {'line': b'                 from \x1b[01m\x1b[K/home/isc/tk2_ws/src/rplidar_ros/sdk/src/rplidar_driver.cpp:33\x1b[m\x1b[K:\n'}
[51.083149] (rplidar_ros) StderrLine: {'line': b'\x1b[01m\x1b[K/home/isc/tk2_ws/src/rplidar_ros/sdk/include/sl_lidar_protocol.h:66:16:\x1b[m\x1b[K \x1b[01;35m\x1b[Kwarning: \x1b[m\x1b[KISO C++ forbids zero-size array \xe2\x80\x98\x1b[01m\x1b[Kdata\x1b[m\x1b[K\xe2\x80\x99 [\x1b[01;35m\x1b[K\x1b]8;;https://gcc.gnu.org/onlinedocs/gcc/Warning-Options.html#index-Wpedantic\x07-Wpedantic\x1b]8;;\x07\x1b[m\x1b[K]\n'}
[51.084099] (rplidar_ros) StderrLine: {'line': b'   66 |     sl_u8 data[\x1b[01;35m\x1b[K0\x1b[m\x1b[K];\n'}
[51.088535] (rplidar_ros) StderrLine: {'line': b'      |                \x1b[01;35m\x1b[K^\x1b[m\x1b[K\n'}
[51.089755] (rplidar_ros) StderrLine: {'line': b'In file included from \x1b[01m\x1b[K/home/isc/tk2_ws/src/rplidar_ros/sdk/include/rplidar_cmd.h:36\x1b[m\x1b[K,\n'}
[51.090637] (rplidar_ros) StderrLine: {'line': b'                 from \x1b[01m\x1b[K/home/isc/tk2_ws/src/rplidar_ros/sdk/include/rplidar.h:40\x1b[m\x1b[K:\n'}
[51.093643] (rplidar_ros) StderrLine: {'line': b'\x1b[01m\x1b[K/home/isc/tk2_ws/src/rplidar_ros/sdk/include/sl_lidar_cmd.h:324:20:\x1b[m\x1b[K \x1b[01;35m\x1b[Kwarning: \x1b[m\x1b[KISO C++ forbids zero-size array \xe2\x80\x98\x1b[01m\x1b[Kpayload\x1b[m\x1b[K\xe2\x80\x99 [\x1b[01;35m\x1b[K\x1b]8;;https://gcc.gnu.org/onlinedocs/gcc/Warning-Options.html#index-Wpedantic\x07-Wpedantic\x1b]8;;\x07\x1b[m\x1b[K]\n'}
[51.095010] (rplidar_ros) StderrLine: {'line': b'  324 |     sl_u8  payload[\x1b[01;35m\x1b[K0\x1b[m\x1b[K];\n'}
[51.100673] (rplidar_ros) StderrLine: {'line': b'      |                    \x1b[01;35m\x1b[K^\x1b[m\x1b[K\n'}
[51.163900] (-) TimerEvent: {}
[51.266398] (-) TimerEvent: {}
[51.368403] (-) TimerEvent: {}
[51.383971] (rplidar_ros) StderrLine: {'line': b'In file included from \x1b[01m\x1b[K/home/isc/tk2_ws/src/rplidar_ros/sdk/src/dataunpacker/unpacker/handler_normalnode.cpp:40\x1b[m\x1b[K:\n'}
[51.385001] (rplidar_ros) StderrLine: {'line': b'\x1b[01m\x1b[K/home/isc/tk2_ws/src/rplidar_ros/sdk/src/dataunpacker/unpacker/../dataunpacker.h:\x1b[m\x1b[K In member function \xe2\x80\x98\x1b[01m\x1b[Kvirtual void sl::internal::LIDARSampleDataListener::\x1b[01;32m\x1b[KonCustomSampleDataDecoded\x1b[m\x1b[K(_u8, _u32, const void*, size_t)\x1b[m\x1b[K\xe2\x80\x99:\n'}
[51.385880] (rplidar_ros) StderrLine: {'line': b'\x1b[01m\x1b[K/home/isc/tk2_ws/src/rplidar_ros/sdk/src/dataunpacker/unpacker/../dataunpacker.h:54:52:\x1b[m\x1b[K \x1b[01;35m\x1b[Kwarning: \x1b[m\x1b[Kunused parameter \xe2\x80\x98\x1b[01m\x1b[KansType\x1b[m\x1b[K\xe2\x80\x99 [\x1b[01;35m\x1b[K\x1b]8;;https://gcc.gnu.org/onlinedocs/gcc/Warning-Options.html#index-Wunused-parameter\x07-Wunused-parameter\x1b]8;;\x07\x1b[m\x1b[K]\n'}
[51.386621] (rplidar_ros) StderrLine: {'line': b'   54 |         virtual void onCustomSampleDataDecoded(\x1b[01;35m\x1b[K_u8 ansType\x1b[m\x1b[K, _u32 customCode, const void* data, size_t size) {}\n'}
[51.391761] (rplidar_ros) StderrLine: {'line': b'      |                                                \x1b[01;35m\x1b[K~~~~^~~~~~~\x1b[m\x1b[K\n'}
[51.393270] (rplidar_ros) StderrLine: {'line': b'\x1b[01m\x1b[K/home/isc/tk2_ws/src/rplidar_ros/sdk/src/dataunpacker/unpacker/../dataunpacker.h:54:66:\x1b[m\x1b[K \x1b[01;35m\x1b[Kwarning: \x1b[m\x1b[Kunused parameter \xe2\x80\x98\x1b[01m\x1b[KcustomCode\x1b[m\x1b[K\xe2\x80\x99 [\x1b[01;35m\x1b[K\x1b]8;;https://gcc.gnu.org/onlinedocs/gcc/Warning-Options.html#index-Wunused-parameter\x07-Wunused-parameter\x1b]8;;\x07\x1b[m\x1b[K]\n'}
[51.394027] (rplidar_ros) StderrLine: {'line': b'   54 |         virtual void onCustomSampleDataDecoded(_u8 ansType, \x1b[01;35m\x1b[K_u32 customCode\x1b[m\x1b[K, const void* data, size_t size) {}\n'}
[51.395007] (rplidar_ros) StderrLine: {'line': b'      |                                                             \x1b[01;35m\x1b[K~~~~~^~~~~~~~~~\x1b[m\x1b[K\n'}
[51.401055] (rplidar_ros) StderrLine: {'line': b'\x1b[01m\x1b[K/home/isc/tk2_ws/src/rplidar_ros/sdk/src/dataunpacker/unpacker/../dataunpacker.h:54:90:\x1b[m\x1b[K \x1b[01;35m\x1b[Kwarning: \x1b[m\x1b[Kunused parameter \xe2\x80\x98\x1b[01m\x1b[Kdata\x1b[m\x1b[K\xe2\x80\x99 [\x1b[01;35m\x1b[K\x1b]8;;https://gcc.gnu.org/onlinedocs/gcc/Warning-Options.html#index-Wunused-parameter\x07-Wunused-parameter\x1b]8;;\x07\x1b[m\x1b[K]\n'}
[51.401861] (rplidar_ros) StderrLine: {'line': b'   54 |         virtual void onCustomSampleDataDecoded(_u8 ansType, _u32 customCode, \x1b[01;35m\x1b[Kconst void* data\x1b[m\x1b[K, size_t size) {}\n'}
[51.402459] (rplidar_ros) StderrLine: {'line': b'      |                                                                              \x1b[01;35m\x1b[K~~~~~~~~~~~~^~~~\x1b[m\x1b[K\n'}
[51.402948] (rplidar_ros) StderrLine: {'line': b'\x1b[01m\x1b[K/home/isc/tk2_ws/src/rplidar_ros/sdk/src/dataunpacker/unpacker/../dataunpacker.h:54:103:\x1b[m\x1b[K \x1b[01;35m\x1b[Kwarning: \x1b[m\x1b[Kunused parameter \xe2\x80\x98\x1b[01m\x1b[Ksize\x1b[m\x1b[K\xe2\x80\x99 [\x1b[01;35m\x1b[K\x1b]8;;https://gcc.gnu.org/onlinedocs/gcc/Warning-Options.html#index-Wunused-parameter\x07-Wunused-parameter\x1b]8;;\x07\x1b[m\x1b[K]\n'}
[51.407151] (rplidar_ros) StderrLine: {'line': b'   54 |         virtual void onCustomSampleDataDecoded(_u8 ansType, _u32 customCode, const void* data, \x1b[01;35m\x1b[Ksize_t size\x1b[m\x1b[K) {}\n'}
[51.407865] (rplidar_ros) StderrLine: {'line': b'      |                                                                                                \x1b[01;35m\x1b[K~~~~~~~^~~~\x1b[m\x1b[K\n'}
[51.408510] (rplidar_ros) StderrLine: {'line': b'\x1b[01m\x1b[K/home/isc/tk2_ws/src/rplidar_ros/sdk/src/rplidar_driver.cpp:\x1b[m\x1b[K In member function \xe2\x80\x98\x1b[01m\x1b[Ku_result rp::standalone::rplidar::RPlidarDriver::\x1b[01;32m\x1b[Kconnect\x1b[m\x1b[K(const char*, _u32, _u32)\x1b[m\x1b[K\xe2\x80\x99:\n'}
[51.409089] (rplidar_ros) StderrLine: {'line': b'\x1b[01m\x1b[K/home/isc/tk2_ws/src/rplidar_ros/sdk/src/rplidar_driver.cpp:67:77:\x1b[m\x1b[K \x1b[01;35m\x1b[Kwarning: \x1b[m\x1b[Kunused parameter \xe2\x80\x98\x1b[01m\x1b[Kflag\x1b[m\x1b[K\xe2\x80\x99 [\x1b[01;35m\x1b[K\x1b]8;;https://gcc.gnu.org/onlinedocs/gcc/Warning-Options.html#index-Wunused-parameter\x07-Wunused-parameter\x1b]8;;\x07\x1b[m\x1b[K]\n'}
[51.412374] (rplidar_ros) StderrLine: {'line': b'   67 |     u_result RPlidarDriver::connect(const char *path, _u32 portOrBaud, \x1b[01;35m\x1b[K_u32 flag\x1b[m\x1b[K)\n'}
[51.413402] (rplidar_ros) StderrLine: {'line': b'      |                                                                        \x1b[01;35m\x1b[K~~~~~^~~~\x1b[m\x1b[K\n'}
[51.417295] (rplidar_ros) StderrLine: {'line': b'\x1b[01m\x1b[K/home/isc/tk2_ws/src/rplidar_ros/sdk/src/dataunpacker/unpacker/../dataunpacker.h:\x1b[m\x1b[K In member function \xe2\x80\x98\x1b[01m\x1b[Kvirtual void sl::internal::LIDARSampleDataListener::\x1b[01;32m\x1b[KonDecodingError\x1b[m\x1b[K(int, _u8, const void*, size_t)\x1b[m\x1b[K\xe2\x80\x99:\n'}
[51.418139] (rplidar_ros) StderrLine: {'line': b'\x1b[01m\x1b[K/home/isc/tk2_ws/src/rplidar_ros/sdk/src/dataunpacker/unpacker/../dataunpacker.h:56:42:\x1b[m\x1b[K \x1b[01;35m\x1b[Kwarning: \x1b[m\x1b[Kunused parameter \xe2\x80\x98\x1b[01m\x1b[KerrMsg\x1b[m\x1b[K\xe2\x80\x99 [\x1b[01;35m\x1b[K\x1b]8;;https://gcc.gnu.org/onlinedocs/gcc/Warning-Options.html#index-Wunused-parameter\x07-Wunused-parameter\x1b]8;;\x07\x1b[m\x1b[K]\n'}
[51.418846] (rplidar_ros) StderrLine: {'line': b'   56 |         virtual void onDecodingError(\x1b[01;35m\x1b[Kint errMsg\x1b[m\x1b[K, _u8 ansType, const void* payload, size_t size) {}\n'}
[51.419542] (rplidar_ros) StderrLine: {'line': b'      |                                      \x1b[01;35m\x1b[K~~~~^~~~~~\x1b[m\x1b[K\n'}
[51.420127] (rplidar_ros) StderrLine: {'line': b'\x1b[01m\x1b[K/home/isc/tk2_ws/src/rplidar_ros/sdk/src/dataunpacker/unpacker/../dataunpacker.h:56:54:\x1b[m\x1b[K \x1b[01;35m\x1b[Kwarning: \x1b[m\x1b[Kunused parameter \xe2\x80\x98\x1b[01m\x1b[KansType\x1b[m\x1b[K\xe2\x80\x99 [\x1b[01;35m\x1b[K\x1b]8;;https://gcc.gnu.org/onlinedocs/gcc/Warning-Options.html#index-Wunused-parameter\x07-Wunused-parameter\x1b]8;;\x07\x1b[m\x1b[K]\n'}
[51.424091] (rplidar_ros) StderrLine: {'line': b'   56 |         virtual void onDecodingError(int errMsg, \x1b[01;35m\x1b[K_u8 ansType\x1b[m\x1b[K, const void* payload, size_t size) {}\n'}
[51.424785] (rplidar_ros) StderrLine: {'line': b'      |                                                  \x1b[01;35m\x1b[K~~~~^~~~~~~\x1b[m\x1b[K\n'}
[51.425511] (rplidar_ros) StderrLine: {'line': b'\x1b[01m\x1b[K/home/isc/tk2_ws/src/rplidar_ros/sdk/src/dataunpacker/unpacker/../dataunpacker.h:56:75:\x1b[m\x1b[K \x1b[01;35m\x1b[Kwarning: \x1b[m\x1b[Kunused parameter \xe2\x80\x98\x1b[01m\x1b[Kpayload\x1b[m\x1b[K\xe2\x80\x99 [\x1b[01;35m\x1b[K\x1b]8;;https://gcc.gnu.org/onlinedocs/gcc/Warning-Options.html#index-Wunused-parameter\x07-Wunused-parameter\x1b]8;;\x07\x1b[m\x1b[K]\n'}
[51.426105] (rplidar_ros) StderrLine: {'line': b'   56 |         virtual void onDecodingError(int errMsg, _u8 ansType, \x1b[01;35m\x1b[Kconst void* payload\x1b[m\x1b[K, size_t size) {}\n'}
[51.430027] (rplidar_ros) StderrLine: {'line': b'      |                                                               \x1b[01;35m\x1b[K~~~~~~~~~~~~^~~~~~~\x1b[m\x1b[K\n'}
[51.430635] (rplidar_ros) StderrLine: {'line': b'\x1b[01m\x1b[K/home/isc/tk2_ws/src/rplidar_ros/sdk/src/dataunpacker/unpacker/../dataunpacker.h:56:91:\x1b[m\x1b[K \x1b[01;35m\x1b[Kwarning: \x1b[m\x1b[Kunused parameter \xe2\x80\x98\x1b[01m\x1b[Ksize\x1b[m\x1b[K\xe2\x80\x99 [\x1b[01;35m\x1b[K\x1b]8;;https://gcc.gnu.org/onlinedocs/gcc/Warning-Options.html#index-Wunused-parameter\x07-Wunused-parameter\x1b]8;;\x07\x1b[m\x1b[K]\n'}
[51.431213] (rplidar_ros) StderrLine: {'line': b'   56 |         virtual void onDecodingError(int errMsg, _u8 ansType, const void* payload, \x1b[01;35m\x1b[Ksize_t size\x1b[m\x1b[K) {}\n'}
[51.431893] (rplidar_ros) StderrLine: {'line': b'      |                                                                                    \x1b[01;35m\x1b[K~~~~~~~^~~~\x1b[m\x1b[K\n'}
[51.435837] (rplidar_ros) StderrLine: {'line': b'\x1b[01m\x1b[K/home/isc/tk2_ws/src/rplidar_ros/sdk/src/rplidar_driver.cpp:\x1b[m\x1b[K In member function \xe2\x80\x98\x1b[01m\x1b[Ku_result rp::standalone::rplidar::RPlidarDriver::\x1b[01;32m\x1b[Kreset\x1b[m\x1b[K(_u32)\x1b[m\x1b[K\xe2\x80\x99:\n'}
[51.436666] (rplidar_ros) StderrLine: {'line': b'\x1b[01m\x1b[K/home/isc/tk2_ws/src/rplidar_ros/sdk/src/rplidar_driver.cpp:101:40:\x1b[m\x1b[K \x1b[01;35m\x1b[Kwarning: \x1b[m\x1b[Kunused parameter \xe2\x80\x98\x1b[01m\x1b[Ktimeout\x1b[m\x1b[K\xe2\x80\x99 [\x1b[01;35m\x1b[K\x1b]8;;https://gcc.gnu.org/onlinedocs/gcc/Warning-Options.html#index-Wunused-parameter\x07-Wunused-parameter\x1b]8;;\x07\x1b[m\x1b[K]\n'}
[51.437365] (rplidar_ros) StderrLine: {'line': b'  101 |     u_result RPlidarDriver::reset(\x1b[01;35m\x1b[K_u32 timeout\x1b[m\x1b[K)\n'}
[51.437946] (rplidar_ros) StderrLine: {'line': b'      |                                   \x1b[01;35m\x1b[K~~~~~^~~~~~~\x1b[m\x1b[K\n'}
[51.441823] (rplidar_ros) StderrLine: {'line': b'\x1b[01m\x1b[K/home/isc/tk2_ws/src/rplidar_ros/sdk/src/rplidar_driver.cpp:\x1b[m\x1b[K In member function \xe2\x80\x98\x1b[01m\x1b[Ku_result rp::standalone::rplidar::RPlidarDriver::\x1b[01;32m\x1b[KgetScanDataWithInterval\x1b[m\x1b[K(rplidar_response_measurement_node_t*, size_t&)\x1b[m\x1b[K\xe2\x80\x99:\n'}
[51.442557] (rplidar_ros) StderrLine: {'line': b'\x1b[01m\x1b[K/home/isc/tk2_ws/src/rplidar_ros/sdk/src/rplidar_driver.cpp:180:91:\x1b[m\x1b[K \x1b[01;35m\x1b[Kwarning: \x1b[m\x1b[Kunused parameter \xe2\x80\x98\x1b[01m\x1b[Knodebuffer\x1b[m\x1b[K\xe2\x80\x99 [\x1b[01;35m\x1b[K\x1b]8;;https://gcc.gnu.org/onlinedocs/gcc/Warning-Options.html#index-Wunused-parameter\x07-Wunused-parameter\x1b]8;;\x07\x1b[m\x1b[K]\n'}
[51.443160] (rplidar_ros) StderrLine: {'line': b'  180 |     u_result RPlidarDriver::getScanDataWithInterval(\x1b[01;35m\x1b[Krplidar_response_measurement_node_t * nodebuffer\x1b[m\x1b[K, size_t & count)\n'}
[51.447067] (rplidar_ros) StderrLine: {'line': b'      |                                                     \x1b[01;35m\x1b[K~~~~~~~~~~~~~~~~~~~~~~~~~~~~~~~~~~~~~~^~~~~~~~~~\x1b[m\x1b[K\n'}
[51.447726] (rplidar_ros) StderrLine: {'line': b'\x1b[01m\x1b[K/home/isc/tk2_ws/src/rplidar_ros/sdk/src/rplidar_driver.cpp:180:112:\x1b[m\x1b[K \x1b[01;35m\x1b[Kwarning: \x1b[m\x1b[Kunused parameter \xe2\x80\x98\x1b[01m\x1b[Kcount\x1b[m\x1b[K\xe2\x80\x99 [\x1b[01;35m\x1b[K\x1b]8;;https://gcc.gnu.org/onlinedocs/gcc/Warning-Options.html#index-Wunused-parameter\x07-Wunused-parameter\x1b]8;;\x07\x1b[m\x1b[K]\n'}
[51.448365] (rplidar_ros) StderrLine: {'line': b'  180 |     u_result RPlidarDriver::getScanDataWithInterval(rplidar_response_measurement_node_t * nodebuffer, \x1b[01;35m\x1b[Ksize_t & count\x1b[m\x1b[K)\n'}
[51.448956] (rplidar_ros) StderrLine: {'line': b'      |                                                                                                       \x1b[01;35m\x1b[K~~~~~~~~~^~~~~\x1b[m\x1b[K\n'}
[51.470404] (-) TimerEvent: {}
[51.479978] (rplidar_ros) StdoutLine: {'line': b'[ 55%] \x1b[32mBuilding CXX object CMakeFiles/rplidar_node.dir/sdk/src/rplidar_driver.cpp.o\x1b[0m\n'}
[51.570616] (-) TimerEvent: {}
[51.671375] (-) TimerEvent: {}
[51.772566] (-) TimerEvent: {}
[51.874756] (-) TimerEvent: {}
[51.945519] (rplidar_ros) StdoutLine: {'line': b'[ 57%] \x1b[32mBuilding CXX object CMakeFiles/rplidar_composition.dir/sdk/src/sl_async_transceiver.cpp.o\x1b[0m\n'}
[51.975545] (-) TimerEvent: {}
[51.989572] (rplidar_ros) StdoutLine: {'line': b'[ 60%] \x1b[32mBuilding CXX object CMakeFiles/rplidar_composition.dir/sdk/src/sl_crc.cpp.o\x1b[0m\n'}
[52.077532] (-) TimerEvent: {}
[52.126924] (rplidar_ros) StderrLine: {'line': b'In file included from \x1b[01m\x1b[K/home/isc/tk2_ws/src/rplidar_ros/sdk/include/sl_lidar_cmd.h:41\x1b[m\x1b[K,\n'}
[52.130791] (rplidar_ros) StderrLine: {'line': b'                 from \x1b[01m\x1b[K/home/isc/tk2_ws/src/rplidar_ros/sdk/include/sl_crc.h:36\x1b[m\x1b[K,\n'}
[52.131789] (rplidar_ros) StderrLine: {'line': b'                 from \x1b[01m\x1b[K/home/isc/tk2_ws/src/rplidar_ros/sdk/src/sl_crc.cpp:33\x1b[m\x1b[K:\n'}
[52.137428] (rplidar_ros) StderrLine: {'line': b'\x1b[01m\x1b[K/home/isc/tk2_ws/src/rplidar_ros/sdk/include/sl_lidar_protocol.h:66:16:\x1b[m\x1b[K \x1b[01;35m\x1b[Kwarning: \x1b[m\x1b[KISO C++ forbids zero-size array \xe2\x80\x98\x1b[01m\x1b[Kdata\x1b[m\x1b[K\xe2\x80\x99 [\x1b[01;35m\x1b[K\x1b]8;;https://gcc.gnu.org/onlinedocs/gcc/Warning-Options.html#index-Wpedantic\x07-Wpedantic\x1b]8;;\x07\x1b[m\x1b[K]\n'}
[52.141531] (rplidar_ros) StderrLine: {'line': b'   66 |     sl_u8 data[\x1b[01;35m\x1b[K0\x1b[m\x1b[K];\n'}
[52.143500] (rplidar_ros) StderrLine: {'line': b'      |                \x1b[01;35m\x1b[K^\x1b[m\x1b[K\n'}
[52.148448] (rplidar_ros) StderrLine: {'line': b'\x1b[01m\x1b[K/home/isc/tk2_ws/src/rplidar_ros/sdk/include/sl_lidar_cmd.h:324:20:\x1b[m\x1b[K \x1b[01;35m\x1b[Kwarning: \x1b[m\x1b[KISO C++ forbids zero-size array \xe2\x80\x98\x1b[01m\x1b[Kpayload\x1b[m\x1b[K\xe2\x80\x99 [\x1b[01;35m\x1b[K\x1b]8;;https://gcc.gnu.org/onlinedocs/gcc/Warning-Options.html#index-Wpedantic\x07-Wpedantic\x1b]8;;\x07\x1b[m\x1b[K]\n'}
[52.150152] (rplidar_ros) StderrLine: {'line': b'  324 |     sl_u8  payload[\x1b[01;35m\x1b[K0\x1b[m\x1b[K];\n'}
[52.154615] (rplidar_ros) StderrLine: {'line': b'      |                    \x1b[01;35m\x1b[K^\x1b[m\x1b[K\n'}
[52.182449] (-) TimerEvent: {}
[52.256301] (rplidar_ros) StdoutLine: {'line': b'[ 63%] \x1b[32mBuilding CXX object CMakeFiles/rplidar_node.dir/sdk/src/sl_async_transceiver.cpp.o\x1b[0m\n'}
[52.285385] (-) TimerEvent: {}
[52.386150] (-) TimerEvent: {}
[52.486956] (-) TimerEvent: {}
[52.589541] (-) TimerEvent: {}
[52.692395] (-) TimerEvent: {}
[52.761083] (rplidar_ros) StdoutLine: {'line': b'[ 65%] \x1b[32m\x1b[1mLinking CXX executable rplidar_client\x1b[0m\n'}
[52.792663] (-) TimerEvent: {}
[52.896410] (-) TimerEvent: {}
[52.997420] (-) TimerEvent: {}
[53.100927] (-) TimerEvent: {}
[53.203788] (-) TimerEvent: {}
[53.309537] (-) TimerEvent: {}
[53.413484] (-) TimerEvent: {}
[53.514992] (-) TimerEvent: {}
[53.617507] (-) TimerEvent: {}
[53.721539] (-) TimerEvent: {}
[53.823025] (-) TimerEvent: {}
[53.926521] (-) TimerEvent: {}
[54.028245] (-) TimerEvent: {}
[54.133868] (-) TimerEvent: {}
[54.235091] (-) TimerEvent: {}
[54.336376] (-) TimerEvent: {}
[54.440933] (-) TimerEvent: {}
[54.542366] (-) TimerEvent: {}
[54.644638] (-) TimerEvent: {}
[54.664533] (rplidar_ros) StderrLine: {'line': b'In file included from \x1b[01m\x1b[K/home/isc/tk2_ws/src/rplidar_ros/sdk/include/rplidar_protocol.h:36\x1b[m\x1b[K,\n'}
[54.669480] (rplidar_ros) StderrLine: {'line': b'                 from \x1b[01m\x1b[K/home/isc/tk2_ws/src/rplidar_ros/sdk/include/rplidar.h:39\x1b[m\x1b[K,\n'}
[54.670651] (rplidar_ros) StderrLine: {'line': b'                 from \x1b[01m\x1b[K/home/isc/tk2_ws/src/rplidar_ros/sdk/src/sdkcommon.h:49\x1b[m\x1b[K,\n'}
[54.671820] (rplidar_ros) StderrLine: {'line': b'                 from \x1b[01m\x1b[K/home/isc/tk2_ws/src/rplidar_ros/sdk/src/rplidar_driver.cpp:33\x1b[m\x1b[K:\n'}
[54.676027] (rplidar_ros) StderrLine: {'line': b'\x1b[01m\x1b[K/home/isc/tk2_ws/src/rplidar_ros/sdk/include/sl_lidar_protocol.h:66:16:\x1b[m\x1b[K \x1b[01;35m\x1b[Kwarning: \x1b[m\x1b[KISO C++ forbids zero-size array \xe2\x80\x98\x1b[01m\x1b[Kdata\x1b[m\x1b[K\xe2\x80\x99 [\x1b[01;35m\x1b[K\x1b]8;;https://gcc.gnu.org/onlinedocs/gcc/Warning-Options.html#index-Wpedantic\x07-Wpedantic\x1b]8;;\x07\x1b[m\x1b[K]\n'}
[54.676900] (rplidar_ros) StderrLine: {'line': b'   66 |     sl_u8 data[\x1b[01;35m\x1b[K0\x1b[m\x1b[K];\n'}
[54.677789] (rplidar_ros) StderrLine: {'line': b'      |                \x1b[01;35m\x1b[K^\x1b[m\x1b[K\n'}
[54.683139] (rplidar_ros) StderrLine: {'line': b'In file included from \x1b[01m\x1b[K/home/isc/tk2_ws/src/rplidar_ros/sdk/include/rplidar_cmd.h:36\x1b[m\x1b[K,\n'}
[54.687467] (rplidar_ros) StderrLine: {'line': b'                 from \x1b[01m\x1b[K/home/isc/tk2_ws/src/rplidar_ros/sdk/include/rplidar.h:40\x1b[m\x1b[K:\n'}
[54.688146] (rplidar_ros) StderrLine: {'line': b'\x1b[01m\x1b[K/home/isc/tk2_ws/src/rplidar_ros/sdk/include/sl_lidar_cmd.h:324:20:\x1b[m\x1b[K \x1b[01;35m\x1b[Kwarning: \x1b[m\x1b[KISO C++ forbids zero-size array \xe2\x80\x98\x1b[01m\x1b[Kpayload\x1b[m\x1b[K\xe2\x80\x99 [\x1b[01;35m\x1b[K\x1b]8;;https://gcc.gnu.org/onlinedocs/gcc/Warning-Options.html#index-Wpedantic\x07-Wpedantic\x1b]8;;\x07\x1b[m\x1b[K]\n'}
[54.688960] (rplidar_ros) StderrLine: {'line': b'  324 |     sl_u8  payload[\x1b[01;35m\x1b[K0\x1b[m\x1b[K];\n'}
[54.689626] (rplidar_ros) StderrLine: {'line': b'      |                    \x1b[01;35m\x1b[K^\x1b[m\x1b[K\n'}
[54.746440] (-) TimerEvent: {}
[54.849377] (-) TimerEvent: {}
[54.950290] (-) TimerEvent: {}
[55.012132] (rplidar_ros) StderrLine: {'line': b'\x1b[01m\x1b[K/home/isc/tk2_ws/src/rplidar_ros/sdk/src/rplidar_driver.cpp:\x1b[m\x1b[K In member function \xe2\x80\x98\x1b[01m\x1b[Ku_result rp::standalone::rplidar::RPlidarDriver::\x1b[01;32m\x1b[Kconnect\x1b[m\x1b[K(const char*, _u32, _u32)\x1b[m\x1b[K\xe2\x80\x99:\n'}
[55.015035] (rplidar_ros) StderrLine: {'line': b'\x1b[01m\x1b[K/home/isc/tk2_ws/src/rplidar_ros/sdk/src/rplidar_driver.cpp:67:77:\x1b[m\x1b[K \x1b[01;35m\x1b[Kwarning: \x1b[m\x1b[Kunused parameter \xe2\x80\x98\x1b[01m\x1b[Kflag\x1b[m\x1b[K\xe2\x80\x99 [\x1b[01;35m\x1b[K\x1b]8;;https://gcc.gnu.org/onlinedocs/gcc/Warning-Options.html#index-Wunused-parameter\x07-Wunused-parameter\x1b]8;;\x07\x1b[m\x1b[K]\n'}
[55.016007] (rplidar_ros) StderrLine: {'line': b'   67 |     u_result RPlidarDriver::connect(const char *path, _u32 portOrBaud, \x1b[01;35m\x1b[K_u32 flag\x1b[m\x1b[K)\n'}
[55.016801] (rplidar_ros) StderrLine: {'line': b'      |                                                                        \x1b[01;35m\x1b[K~~~~~^~~~\x1b[m\x1b[K\n'}
[55.018907] (rplidar_ros) StderrLine: {'line': b'\x1b[01m\x1b[K/home/isc/tk2_ws/src/rplidar_ros/sdk/src/rplidar_driver.cpp:\x1b[m\x1b[K In member function \xe2\x80\x98\x1b[01m\x1b[Ku_result rp::standalone::rplidar::RPlidarDriver::\x1b[01;32m\x1b[Kreset\x1b[m\x1b[K(_u32)\x1b[m\x1b[K\xe2\x80\x99:\n'}
[55.022230] (rplidar_ros) StderrLine: {'line': b'\x1b[01m\x1b[K/home/isc/tk2_ws/src/rplidar_ros/sdk/src/rplidar_driver.cpp:101:40:\x1b[m\x1b[K \x1b[01;35m\x1b[Kwarning: \x1b[m\x1b[Kunused parameter \xe2\x80\x98\x1b[01m\x1b[Ktimeout\x1b[m\x1b[K\xe2\x80\x99 [\x1b[01;35m\x1b[K\x1b]8;;https://gcc.gnu.org/onlinedocs/gcc/Warning-Options.html#index-Wunused-parameter\x07-Wunused-parameter\x1b]8;;\x07\x1b[m\x1b[K]\n'}
[55.023085] (rplidar_ros) StderrLine: {'line': b'  101 |     u_result RPlidarDriver::reset(\x1b[01;35m\x1b[K_u32 timeout\x1b[m\x1b[K)\n'}
[55.027416] (rplidar_ros) StderrLine: {'line': b'      |                                   \x1b[01;35m\x1b[K~~~~~^~~~~~~\x1b[m\x1b[K\n'}
[55.028432] (rplidar_ros) StdoutLine: {'line': b'[ 65%] Built target rplidar_client\n'}
[55.029389] (rplidar_ros) StderrLine: {'line': b'\x1b[01m\x1b[K/home/isc/tk2_ws/src/rplidar_ros/sdk/src/rplidar_driver.cpp:\x1b[m\x1b[K In member function \xe2\x80\x98\x1b[01m\x1b[Ku_result rp::standalone::rplidar::RPlidarDriver::\x1b[01;32m\x1b[KgetScanDataWithInterval\x1b[m\x1b[K(rplidar_response_measurement_node_t*, size_t&)\x1b[m\x1b[K\xe2\x80\x99:\n'}
[55.030152] (rplidar_ros) StderrLine: {'line': b'\x1b[01m\x1b[K/home/isc/tk2_ws/src/rplidar_ros/sdk/src/rplidar_driver.cpp:180:91:\x1b[m\x1b[K \x1b[01;35m\x1b[Kwarning: \x1b[m\x1b[Kunused parameter \xe2\x80\x98\x1b[01m\x1b[Knodebuffer\x1b[m\x1b[K\xe2\x80\x99 [\x1b[01;35m\x1b[K\x1b]8;;https://gcc.gnu.org/onlinedocs/gcc/Warning-Options.html#index-Wunused-parameter\x07-Wunused-parameter\x1b]8;;\x07\x1b[m\x1b[K]\n'}
[55.037727] (rplidar_ros) StderrLine: {'line': b'  180 |     u_result RPlidarDriver::getScanDataWithInterval(\x1b[01;35m\x1b[Krplidar_response_measurement_node_t * nodebuffer\x1b[m\x1b[K, size_t & count)\n'}
[55.038800] (rplidar_ros) StderrLine: {'line': b'      |                                                     \x1b[01;35m\x1b[K~~~~~~~~~~~~~~~~~~~~~~~~~~~~~~~~~~~~~~^~~~~~~~~~\x1b[m\x1b[K\n'}
[55.039804] (rplidar_ros) StderrLine: {'line': b'\x1b[01m\x1b[K/home/isc/tk2_ws/src/rplidar_ros/sdk/src/rplidar_driver.cpp:180:112:\x1b[m\x1b[K \x1b[01;35m\x1b[Kwarning: \x1b[m\x1b[Kunused parameter \xe2\x80\x98\x1b[01m\x1b[Kcount\x1b[m\x1b[K\xe2\x80\x99 [\x1b[01;35m\x1b[K\x1b]8;;https://gcc.gnu.org/onlinedocs/gcc/Warning-Options.html#index-Wunused-parameter\x07-Wunused-parameter\x1b]8;;\x07\x1b[m\x1b[K]\n'}
[55.041287] (rplidar_ros) StderrLine: {'line': b'  180 |     u_result RPlidarDriver::getScanDataWithInterval(rplidar_response_measurement_node_t * nodebuffer, \x1b[01;35m\x1b[Ksize_t & count\x1b[m\x1b[K)\n'}
[55.046006] (rplidar_ros) StderrLine: {'line': b'      |                                                                                                       \x1b[01;35m\x1b[K~~~~~~~~~^~~~~\x1b[m\x1b[K\n'}
[55.052389] (-) TimerEvent: {}
[55.082233] (rplidar_ros) StdoutLine: {'line': b'[ 68%] \x1b[32mBuilding CXX object CMakeFiles/rplidar_node.dir/sdk/src/sl_crc.cpp.o\x1b[0m\n'}
[55.153474] (-) TimerEvent: {}
[55.238957] (rplidar_ros) StderrLine: {'line': b'In file included from \x1b[01m\x1b[K/home/isc/tk2_ws/src/rplidar_ros/sdk/include/sl_lidar_cmd.h:41\x1b[m\x1b[K,\n'}
[55.240244] (rplidar_ros) StderrLine: {'line': b'                 from \x1b[01m\x1b[K/home/isc/tk2_ws/src/rplidar_ros/sdk/include/sl_crc.h:36\x1b[m\x1b[K,\n'}
[55.243458] (rplidar_ros) StderrLine: {'line': b'                 from \x1b[01m\x1b[K/home/isc/tk2_ws/src/rplidar_ros/sdk/src/sl_crc.cpp:33\x1b[m\x1b[K:\n'}
[55.245430] (rplidar_ros) StderrLine: {'line': b'\x1b[01m\x1b[K/home/isc/tk2_ws/src/rplidar_ros/sdk/include/sl_lidar_protocol.h:66:16:\x1b[m\x1b[K \x1b[01;35m\x1b[Kwarning: \x1b[m\x1b[KISO C++ forbids zero-size array \xe2\x80\x98\x1b[01m\x1b[Kdata\x1b[m\x1b[K\xe2\x80\x99 [\x1b[01;35m\x1b[K\x1b]8;;https://gcc.gnu.org/onlinedocs/gcc/Warning-Options.html#index-Wpedantic\x07-Wpedantic\x1b]8;;\x07\x1b[m\x1b[K]\n'}
[55.249795] (rplidar_ros) StderrLine: {'line': b'   66 |     sl_u8 data[\x1b[01;35m\x1b[K0\x1b[m\x1b[K];\n'}
[55.250621] (rplidar_ros) StderrLine: {'line': b'      |                \x1b[01;35m\x1b[K^\x1b[m\x1b[K\n'}
[55.251401] (rplidar_ros) StderrLine: {'line': b'\x1b[01m\x1b[K/home/isc/tk2_ws/src/rplidar_ros/sdk/include/sl_lidar_cmd.h:324:20:\x1b[m\x1b[K \x1b[01;35m\x1b[Kwarning: \x1b[m\x1b[KISO C++ forbids zero-size array \xe2\x80\x98\x1b[01m\x1b[Kpayload\x1b[m\x1b[K\xe2\x80\x99 [\x1b[01;35m\x1b[K\x1b]8;;https://gcc.gnu.org/onlinedocs/gcc/Warning-Options.html#index-Wpedantic\x07-Wpedantic\x1b]8;;\x07\x1b[m\x1b[K]\n'}
[55.255412] (-) TimerEvent: {}
[55.259559] (rplidar_ros) StderrLine: {'line': b'  324 |     sl_u8  payload[\x1b[01;35m\x1b[K0\x1b[m\x1b[K];\n'}
[55.260684] (rplidar_ros) StderrLine: {'line': b'      |                    \x1b[01;35m\x1b[K^\x1b[m\x1b[K\n'}
[55.321603] (rplidar_ros) StderrLine: {'line': b'In file included from \x1b[01m\x1b[K/home/isc/tk2_ws/src/rplidar_ros/sdk/include/rplidar_protocol.h:36\x1b[m\x1b[K,\n'}
[55.324863] (rplidar_ros) StderrLine: {'line': b'                 from \x1b[01m\x1b[K/home/isc/tk2_ws/src/rplidar_ros/sdk/include/rplidar.h:39\x1b[m\x1b[K,\n'}
[55.325886] (rplidar_ros) StderrLine: {'line': b'                 from \x1b[01m\x1b[K/home/isc/tk2_ws/src/rplidar_ros/sdk/src/sdkcommon.h:49\x1b[m\x1b[K,\n'}
[55.329879] (rplidar_ros) StderrLine: {'line': b'                 from \x1b[01m\x1b[K/home/isc/tk2_ws/src/rplidar_ros/sdk/src/sl_async_transceiver.cpp:35\x1b[m\x1b[K:\n'}
[55.330627] (rplidar_ros) StderrLine: {'line': b'\x1b[01m\x1b[K/home/isc/tk2_ws/src/rplidar_ros/sdk/include/sl_lidar_protocol.h:66:16:\x1b[m\x1b[K \x1b[01;35m\x1b[Kwarning: \x1b[m\x1b[KISO C++ forbids zero-size array \xe2\x80\x98\x1b[01m\x1b[Kdata\x1b[m\x1b[K\xe2\x80\x99 [\x1b[01;35m\x1b[K\x1b]8;;https://gcc.gnu.org/onlinedocs/gcc/Warning-Options.html#index-Wpedantic\x07-Wpedantic\x1b]8;;\x07\x1b[m\x1b[K]\n'}
[55.331281] (rplidar_ros) StderrLine: {'line': b'   66 |     sl_u8 data[\x1b[01;35m\x1b[K0\x1b[m\x1b[K];\n'}
[55.331899] (rplidar_ros) StderrLine: {'line': b'      |                \x1b[01;35m\x1b[K^\x1b[m\x1b[K\n'}
[55.334274] (rplidar_ros) StderrLine: {'line': b'In file included from \x1b[01m\x1b[K/home/isc/tk2_ws/src/rplidar_ros/sdk/include/rplidar_cmd.h:36\x1b[m\x1b[K,\n'}
[55.335309] (rplidar_ros) StderrLine: {'line': b'                 from \x1b[01m\x1b[K/home/isc/tk2_ws/src/rplidar_ros/sdk/include/rplidar.h:40\x1b[m\x1b[K:\n'}
[55.341444] (rplidar_ros) StderrLine: {'line': b'\x1b[01m\x1b[K/home/isc/tk2_ws/src/rplidar_ros/sdk/include/sl_lidar_cmd.h:324:20:\x1b[m\x1b[K \x1b[01;35m\x1b[Kwarning: \x1b[m\x1b[KISO C++ forbids zero-size array \xe2\x80\x98\x1b[01m\x1b[Kpayload\x1b[m\x1b[K\xe2\x80\x99 [\x1b[01;35m\x1b[K\x1b]8;;https://gcc.gnu.org/onlinedocs/gcc/Warning-Options.html#index-Wpedantic\x07-Wpedantic\x1b]8;;\x07\x1b[m\x1b[K]\n'}
[55.342378] (rplidar_ros) StderrLine: {'line': b'  324 |     sl_u8  payload[\x1b[01;35m\x1b[K0\x1b[m\x1b[K];\n'}
[55.343310] (rplidar_ros) StderrLine: {'line': b'      |                    \x1b[01;35m\x1b[K^\x1b[m\x1b[K\n'}
[55.358389] (-) TimerEvent: {}
[55.372928] (rplidar_ros) StdoutLine: {'line': b'[ 71%] \x1b[32mBuilding CXX object CMakeFiles/rplidar_node.dir/sdk/src/sl_lidar_driver.cpp.o\x1b[0m\n'}
[55.461358] (-) TimerEvent: {}
[55.522608] (rplidar_ros) StderrLine: {'line': b'In file included from \x1b[01m\x1b[K/home/isc/tk2_ws/src/rplidar_ros/sdk/include/rplidar_protocol.h:36\x1b[m\x1b[K,\n'}
[55.523484] (rplidar_ros) StderrLine: {'line': b'                 from \x1b[01m\x1b[K/home/isc/tk2_ws/src/rplidar_ros/sdk/include/rplidar.h:39\x1b[m\x1b[K,\n'}
[55.523975] (rplidar_ros) StderrLine: {'line': b'                 from \x1b[01m\x1b[K/home/isc/tk2_ws/src/rplidar_ros/sdk/src/sdkcommon.h:49\x1b[m\x1b[K,\n'}
[55.524537] (rplidar_ros) StderrLine: {'line': b'                 from \x1b[01m\x1b[K/home/isc/tk2_ws/src/rplidar_ros/sdk/src/sl_async_transceiver.cpp:35\x1b[m\x1b[K:\n'}
[55.526778] (rplidar_ros) StderrLine: {'line': b'\x1b[01m\x1b[K/home/isc/tk2_ws/src/rplidar_ros/sdk/include/sl_lidar_protocol.h:66:16:\x1b[m\x1b[K \x1b[01;35m\x1b[Kwarning: \x1b[m\x1b[KISO C++ forbids zero-size array \xe2\x80\x98\x1b[01m\x1b[Kdata\x1b[m\x1b[K\xe2\x80\x99 [\x1b[01;35m\x1b[K\x1b]8;;https://gcc.gnu.org/onlinedocs/gcc/Warning-Options.html#index-Wpedantic\x07-Wpedantic\x1b]8;;\x07\x1b[m\x1b[K]\n'}
[55.527447] (rplidar_ros) StderrLine: {'line': b'   66 |     sl_u8 data[\x1b[01;35m\x1b[K0\x1b[m\x1b[K];\n'}
[55.528157] (rplidar_ros) StderrLine: {'line': b'      |                \x1b[01;35m\x1b[K^\x1b[m\x1b[K\n'}
[55.529045] (rplidar_ros) StderrLine: {'line': b'In file included from \x1b[01m\x1b[K/home/isc/tk2_ws/src/rplidar_ros/sdk/include/rplidar_cmd.h:36\x1b[m\x1b[K,\n'}
[55.532910] (rplidar_ros) StderrLine: {'line': b'                 from \x1b[01m\x1b[K/home/isc/tk2_ws/src/rplidar_ros/sdk/include/rplidar.h:40\x1b[m\x1b[K:\n'}
[55.533512] (rplidar_ros) StderrLine: {'line': b'\x1b[01m\x1b[K/home/isc/tk2_ws/src/rplidar_ros/sdk/include/sl_lidar_cmd.h:324:20:\x1b[m\x1b[K \x1b[01;35m\x1b[Kwarning: \x1b[m\x1b[KISO C++ forbids zero-size array \xe2\x80\x98\x1b[01m\x1b[Kpayload\x1b[m\x1b[K\xe2\x80\x99 [\x1b[01;35m\x1b[K\x1b]8;;https://gcc.gnu.org/onlinedocs/gcc/Warning-Options.html#index-Wpedantic\x07-Wpedantic\x1b]8;;\x07\x1b[m\x1b[K]\n'}
[55.534670] (rplidar_ros) StderrLine: {'line': b'  324 |     sl_u8  payload[\x1b[01;35m\x1b[K0\x1b[m\x1b[K];\n'}
[55.538703] (rplidar_ros) StderrLine: {'line': b'      |                    \x1b[01;35m\x1b[K^\x1b[m\x1b[K\n'}
[55.563361] (-) TimerEvent: {}
[55.664364] (-) TimerEvent: {}
[55.706402] (rplidar_ros) StdoutLine: {'line': b'[ 73%] \x1b[32mBuilding CXX object CMakeFiles/rplidar_node.dir/sdk/src/sl_lidarprotocol_codec.cpp.o\x1b[0m\n'}
[55.766401] (-) TimerEvent: {}
[55.833656] (rplidar_ros) StderrLine: {'line': b'In file included from \x1b[01m\x1b[K/home/isc/tk2_ws/src/rplidar_ros/sdk/src/sl_async_transceiver.cpp:44\x1b[m\x1b[K:\n'}
[55.834341] (rplidar_ros) StderrLine: {'line': b'\x1b[01m\x1b[K/home/isc/tk2_ws/src/rplidar_ros/sdk/src/sl_async_transceiver.h:\x1b[m\x1b[K In member function \xe2\x80\x98\x1b[01m\x1b[Kvirtual void sl::internal::IAsyncProtocolCodec::\x1b[01;32m\x1b[KonChannelError\x1b[m\x1b[K(u_result)\x1b[m\x1b[K\xe2\x80\x99:\n'}
[55.834820] (rplidar_ros) StderrLine: {'line': b'\x1b[01m\x1b[K/home/isc/tk2_ws/src/rplidar_ros/sdk/src/sl_async_transceiver.h:90:48:\x1b[m\x1b[K \x1b[01;35m\x1b[Kwarning: \x1b[m\x1b[Kunused parameter \xe2\x80\x98\x1b[01m\x1b[KerrCode\x1b[m\x1b[K\xe2\x80\x99 [\x1b[01;35m\x1b[K\x1b]8;;https://gcc.gnu.org/onlinedocs/gcc/Warning-Options.html#index-Wunused-parameter\x07-Wunused-parameter\x1b]8;;\x07\x1b[m\x1b[K]\n'}
[55.835451] (rplidar_ros) StderrLine: {'line': b'   90 |         virtual void   onChannelError(\x1b[01;35m\x1b[Ku_result errCode\x1b[m\x1b[K) {}\n'}
[55.836117] (rplidar_ros) StderrLine: {'line': b'      |                                       \x1b[01;35m\x1b[K~~~~~~~~~^~~~~~~\x1b[m\x1b[K\n'}
[55.866631] (-) TimerEvent: {}
[55.967488] (-) TimerEvent: {}
[56.006841] (rplidar_ros) StderrLine: {'line': b'In file included from \x1b[01m\x1b[K/home/isc/tk2_ws/src/rplidar_ros/sdk/src/sl_async_transceiver.cpp:44\x1b[m\x1b[K:\n'}
[56.009527] (rplidar_ros) StderrLine: {'line': b'\x1b[01m\x1b[K/home/isc/tk2_ws/src/rplidar_ros/sdk/src/sl_async_transceiver.h:\x1b[m\x1b[K In member function \xe2\x80\x98\x1b[01m\x1b[Kvirtual void sl::internal::IAsyncProtocolCodec::\x1b[01;32m\x1b[KonChannelError\x1b[m\x1b[K(u_result)\x1b[m\x1b[K\xe2\x80\x99:\n'}
[56.010542] (rplidar_ros) StderrLine: {'line': b'\x1b[01m\x1b[K/home/isc/tk2_ws/src/rplidar_ros/sdk/src/sl_async_transceiver.h:90:48:\x1b[m\x1b[K \x1b[01;35m\x1b[Kwarning: \x1b[m\x1b[Kunused parameter \xe2\x80\x98\x1b[01m\x1b[KerrCode\x1b[m\x1b[K\xe2\x80\x99 [\x1b[01;35m\x1b[K\x1b]8;;https://gcc.gnu.org/onlinedocs/gcc/Warning-Options.html#index-Wunused-parameter\x07-Wunused-parameter\x1b]8;;\x07\x1b[m\x1b[K]\n'}
[56.011059] (rplidar_ros) StderrLine: {'line': b'   90 |         virtual void   onChannelError(\x1b[01;35m\x1b[Ku_result errCode\x1b[m\x1b[K) {}\n'}
[56.013879] (rplidar_ros) StderrLine: {'line': b'      |                                       \x1b[01;35m\x1b[K~~~~~~~~~^~~~~~~\x1b[m\x1b[K\n'}
[56.067712] (-) TimerEvent: {}
[56.168406] (-) TimerEvent: {}
[56.269067] (-) TimerEvent: {}
[56.369834] (-) TimerEvent: {}
[56.471678] (-) TimerEvent: {}
[56.559242] (rplidar_ros) StdoutLine: {'line': b'[ 76%] \x1b[32mBuilding CXX object CMakeFiles/rplidar_composition.dir/sdk/src/sl_lidar_driver.cpp.o\x1b[0m\n'}
[56.574383] (-) TimerEvent: {}
[56.675397] (-) TimerEvent: {}
[56.725808] (rplidar_ros) StdoutLine: {'line': b'[ 78%] \x1b[32mBuilding CXX object CMakeFiles/rplidar_node.dir/sdk/src/sl_serial_channel.cpp.o\x1b[0m\n'}
[56.778384] (-) TimerEvent: {}
[56.879341] (-) TimerEvent: {}
[56.980285] (-) TimerEvent: {}
[57.083792] (-) TimerEvent: {}
[57.184617] (-) TimerEvent: {}
[57.285557] (-) TimerEvent: {}
[57.389708] (-) TimerEvent: {}
[57.490856] (-) TimerEvent: {}
[57.592248] (-) TimerEvent: {}
[57.695427] (-) TimerEvent: {}
[57.796508] (-) TimerEvent: {}
[57.900009] (-) TimerEvent: {}
[58.001243] (-) TimerEvent: {}
[58.066547] (rplidar_ros) StderrLine: {'line': b'In file included from \x1b[01m\x1b[K/home/isc/tk2_ws/src/rplidar_ros/sdk/include/rplidar_protocol.h:36\x1b[m\x1b[K,\n'}
[58.068493] (rplidar_ros) StderrLine: {'line': b'                 from \x1b[01m\x1b[K/home/isc/tk2_ws/src/rplidar_ros/sdk/include/rplidar.h:39\x1b[m\x1b[K,\n'}
[58.069728] (rplidar_ros) StderrLine: {'line': b'                 from \x1b[01m\x1b[K/home/isc/tk2_ws/src/rplidar_ros/sdk/src/sdkcommon.h:49\x1b[m\x1b[K,\n'}
[58.076377] (rplidar_ros) StderrLine: {'line': b'                 from \x1b[01m\x1b[K/home/isc/tk2_ws/src/rplidar_ros/sdk/src/sl_lidar_driver.cpp:33\x1b[m\x1b[K:\n'}
[58.077679] (rplidar_ros) StderrLine: {'line': b'\x1b[01m\x1b[K/home/isc/tk2_ws/src/rplidar_ros/sdk/include/sl_lidar_protocol.h:66:16:\x1b[m\x1b[K \x1b[01;35m\x1b[Kwarning: \x1b[m\x1b[KISO C++ forbids zero-size array \xe2\x80\x98\x1b[01m\x1b[Kdata\x1b[m\x1b[K\xe2\x80\x99 [\x1b[01;35m\x1b[K\x1b]8;;https://gcc.gnu.org/onlinedocs/gcc/Warning-Options.html#index-Wpedantic\x07-Wpedantic\x1b]8;;\x07\x1b[m\x1b[K]\n'}
[58.081237] (rplidar_ros) StderrLine: {'line': b'   66 |     sl_u8 data[\x1b[01;35m\x1b[K0\x1b[m\x1b[K];\n'}
[58.082524] (rplidar_ros) StderrLine: {'line': b'      |                \x1b[01;35m\x1b[K^\x1b[m\x1b[K\n'}
[58.088429] (rplidar_ros) StderrLine: {'line': b'In file included from \x1b[01m\x1b[K/home/isc/tk2_ws/src/rplidar_ros/sdk/include/rplidar_cmd.h:36\x1b[m\x1b[K,\n'}
[58.089600] (rplidar_ros) StderrLine: {'line': b'                 from \x1b[01m\x1b[K/home/isc/tk2_ws/src/rplidar_ros/sdk/include/rplidar.h:40\x1b[m\x1b[K:\n'}
[58.093942] (rplidar_ros) StderrLine: {'line': b'\x1b[01m\x1b[K/home/isc/tk2_ws/src/rplidar_ros/sdk/include/sl_lidar_cmd.h:324:20:\x1b[m\x1b[K \x1b[01;35m\x1b[Kwarning: \x1b[m\x1b[KISO C++ forbids zero-size array \xe2\x80\x98\x1b[01m\x1b[Kpayload\x1b[m\x1b[K\xe2\x80\x99 [\x1b[01;35m\x1b[K\x1b]8;;https://gcc.gnu.org/onlinedocs/gcc/Warning-Options.html#index-Wpedantic\x07-Wpedantic\x1b]8;;\x07\x1b[m\x1b[K]\n'}
[58.095069] (rplidar_ros) StderrLine: {'line': b'  324 |     sl_u8  payload[\x1b[01;35m\x1b[K0\x1b[m\x1b[K];\n'}
[58.096081] (rplidar_ros) StderrLine: {'line': b'      |                    \x1b[01;35m\x1b[K^\x1b[m\x1b[K\n'}
[58.101396] (-) TimerEvent: {}
[58.202244] (-) TimerEvent: {}
[58.303315] (-) TimerEvent: {}
[58.353361] (rplidar_ros) StderrLine: {'line': b'In file included from \x1b[01m\x1b[K/home/isc/tk2_ws/src/rplidar_ros/sdk/include/sl_lidar_cmd.h:41\x1b[m\x1b[K,\n'}
[58.354517] (rplidar_ros) StderrLine: {'line': b'                 from \x1b[01m\x1b[K/home/isc/tk2_ws/src/rplidar_ros/sdk/include/sl_lidar_driver.h:54\x1b[m\x1b[K,\n'}
[58.355355] (rplidar_ros) StderrLine: {'line': b'                 from \x1b[01m\x1b[K/home/isc/tk2_ws/src/rplidar_ros/sdk/src/sl_serial_channel.cpp:33\x1b[m\x1b[K:\n'}
[58.358567] (rplidar_ros) StderrLine: {'line': b'\x1b[01m\x1b[K/home/isc/tk2_ws/src/rplidar_ros/sdk/include/sl_lidar_protocol.h:66:16:\x1b[m\x1b[K \x1b[01;35m\x1b[Kwarning: \x1b[m\x1b[KISO C++ forbids zero-size array \xe2\x80\x98\x1b[01m\x1b[Kdata\x1b[m\x1b[K\xe2\x80\x99 [\x1b[01;35m\x1b[K\x1b]8;;https://gcc.gnu.org/onlinedocs/gcc/Warning-Options.html#index-Wpedantic\x07-Wpedantic\x1b]8;;\x07\x1b[m\x1b[K]\n'}
[58.359771] (rplidar_ros) StderrLine: {'line': b'   66 |     sl_u8 data[\x1b[01;35m\x1b[K0\x1b[m\x1b[K];\n'}
[58.360977] (rplidar_ros) StderrLine: {'line': b'      |                \x1b[01;35m\x1b[K^\x1b[m\x1b[K\n'}
[58.364987] (rplidar_ros) StderrLine: {'line': b'\x1b[01m\x1b[K/home/isc/tk2_ws/src/rplidar_ros/sdk/include/sl_lidar_cmd.h:324:20:\x1b[m\x1b[K \x1b[01;35m\x1b[Kwarning: \x1b[m\x1b[KISO C++ forbids zero-size array \xe2\x80\x98\x1b[01m\x1b[Kpayload\x1b[m\x1b[K\xe2\x80\x99 [\x1b[01;35m\x1b[K\x1b]8;;https://gcc.gnu.org/onlinedocs/gcc/Warning-Options.html#index-Wpedantic\x07-Wpedantic\x1b]8;;\x07\x1b[m\x1b[K]\n'}
[58.365814] (rplidar_ros) StderrLine: {'line': b'  324 |     sl_u8  payload[\x1b[01;35m\x1b[K0\x1b[m\x1b[K];\n'}
[58.366671] (rplidar_ros) StderrLine: {'line': b'      |                    \x1b[01;35m\x1b[K^\x1b[m\x1b[K\n'}
[58.403622] (-) TimerEvent: {}
[58.430368] (rplidar_ros) StderrLine: {'line': b'In file included from \x1b[01m\x1b[K/home/isc/tk2_ws/src/rplidar_ros/sdk/include/rplidar_protocol.h:36\x1b[m\x1b[K,\n'}
[58.431312] (rplidar_ros) StderrLine: {'line': b'                 from \x1b[01m\x1b[K/home/isc/tk2_ws/src/rplidar_ros/sdk/include/rplidar.h:39\x1b[m\x1b[K,\n'}
[58.432294] (rplidar_ros) StderrLine: {'line': b'                 from \x1b[01m\x1b[K/home/isc/tk2_ws/src/rplidar_ros/sdk/src/sdkcommon.h:49\x1b[m\x1b[K,\n'}
[58.433060] (rplidar_ros) StderrLine: {'line': b'                 from \x1b[01m\x1b[K/home/isc/tk2_ws/src/rplidar_ros/sdk/src/sl_lidarprotocol_codec.cpp:35\x1b[m\x1b[K:\n'}
[58.433841] (rplidar_ros) StderrLine: {'line': b'\x1b[01m\x1b[K/home/isc/tk2_ws/src/rplidar_ros/sdk/include/sl_lidar_protocol.h:66:16:\x1b[m\x1b[K \x1b[01;35m\x1b[Kwarning: \x1b[m\x1b[KISO C++ forbids zero-size array \xe2\x80\x98\x1b[01m\x1b[Kdata\x1b[m\x1b[K\xe2\x80\x99 [\x1b[01;35m\x1b[K\x1b]8;;https://gcc.gnu.org/onlinedocs/gcc/Warning-Options.html#index-Wpedantic\x07-Wpedantic\x1b]8;;\x07\x1b[m\x1b[K]\n'}
[58.438110] (rplidar_ros) StderrLine: {'line': b'   66 |     sl_u8 data[\x1b[01;35m\x1b[K0\x1b[m\x1b[K];\n'}
[58.439075] (rplidar_ros) StderrLine: {'line': b'      |                \x1b[01;35m\x1b[K^\x1b[m\x1b[K\n'}
[58.440054] (rplidar_ros) StderrLine: {'line': b'In file included from \x1b[01m\x1b[K/home/isc/tk2_ws/src/rplidar_ros/sdk/include/rplidar_cmd.h:36\x1b[m\x1b[K,\n'}
[58.444511] (rplidar_ros) StderrLine: {'line': b'                 from \x1b[01m\x1b[K/home/isc/tk2_ws/src/rplidar_ros/sdk/include/rplidar.h:40\x1b[m\x1b[K:\n'}
[58.445537] (rplidar_ros) StderrLine: {'line': b'\x1b[01m\x1b[K/home/isc/tk2_ws/src/rplidar_ros/sdk/include/sl_lidar_cmd.h:324:20:\x1b[m\x1b[K \x1b[01;35m\x1b[Kwarning: \x1b[m\x1b[KISO C++ forbids zero-size array \xe2\x80\x98\x1b[01m\x1b[Kpayload\x1b[m\x1b[K\xe2\x80\x99 [\x1b[01;35m\x1b[K\x1b]8;;https://gcc.gnu.org/onlinedocs/gcc/Warning-Options.html#index-Wpedantic\x07-Wpedantic\x1b]8;;\x07\x1b[m\x1b[K]\n'}
[58.449531] (rplidar_ros) StderrLine: {'line': b'  324 |     sl_u8  payload[\x1b[01;35m\x1b[K0\x1b[m\x1b[K];\n'}
[58.450420] (rplidar_ros) StderrLine: {'line': b'      |                    \x1b[01;35m\x1b[K^\x1b[m\x1b[K\n'}
[58.503856] (-) TimerEvent: {}
[58.604749] (-) TimerEvent: {}
[58.707366] (-) TimerEvent: {}
[58.762749] (rplidar_ros) StdoutLine: {'line': b'[ 81%] \x1b[32mBuilding CXX object CMakeFiles/rplidar_node.dir/sdk/src/sl_tcp_channel.cpp.o\x1b[0m\n'}
[58.807665] (-) TimerEvent: {}
[58.877895] (rplidar_ros) StderrLine: {'line': b'In file included from \x1b[01m\x1b[K/home/isc/tk2_ws/src/rplidar_ros/sdk/src/sl_lidar_driver.cpp:50\x1b[m\x1b[K:\n'}
[58.880866] (rplidar_ros) StderrLine: {'line': b'\x1b[01m\x1b[K/home/isc/tk2_ws/src/rplidar_ros/sdk/src/dataunpacker/dataunpacker.h:\x1b[m\x1b[K In member function \xe2\x80\x98\x1b[01m\x1b[Kvirtual void sl::internal::LIDARSampleDataListener::\x1b[01;32m\x1b[KonCustomSampleDataDecoded\x1b[m\x1b[K(_u8, _u32, const void*, size_t)\x1b[m\x1b[K\xe2\x80\x99:\n'}
[58.881823] (rplidar_ros) StderrLine: {'line': b'\x1b[01m\x1b[K/home/isc/tk2_ws/src/rplidar_ros/sdk/src/dataunpacker/dataunpacker.h:54:52:\x1b[m\x1b[K \x1b[01;35m\x1b[Kwarning: \x1b[m\x1b[Kunused parameter \xe2\x80\x98\x1b[01m\x1b[KansType\x1b[m\x1b[K\xe2\x80\x99 [\x1b[01;35m\x1b[K\x1b]8;;https://gcc.gnu.org/onlinedocs/gcc/Warning-Options.html#index-Wunused-parameter\x07-Wunused-parameter\x1b]8;;\x07\x1b[m\x1b[K]\n'}
[58.882688] (rplidar_ros) StderrLine: {'line': b'   54 |         virtual void onCustomSampleDataDecoded(\x1b[01;35m\x1b[K_u8 ansType\x1b[m\x1b[K, _u32 customCode, const void* data, size_t size) {}\n'}
[58.886623] (rplidar_ros) StderrLine: {'line': b'      |                                                \x1b[01;35m\x1b[K~~~~^~~~~~~\x1b[m\x1b[K\n'}
[58.887892] (rplidar_ros) StderrLine: {'line': b'\x1b[01m\x1b[K/home/isc/tk2_ws/src/rplidar_ros/sdk/src/dataunpacker/dataunpacker.h:54:66:\x1b[m\x1b[K \x1b[01;35m\x1b[Kwarning: \x1b[m\x1b[Kunused parameter \xe2\x80\x98\x1b[01m\x1b[KcustomCode\x1b[m\x1b[K\xe2\x80\x99 [\x1b[01;35m\x1b[K\x1b]8;;https://gcc.gnu.org/onlinedocs/gcc/Warning-Options.html#index-Wunused-parameter\x07-Wunused-parameter\x1b]8;;\x07\x1b[m\x1b[K]\n'}
[58.888880] (rplidar_ros) StderrLine: {'line': b'   54 |         virtual void onCustomSampleDataDecoded(_u8 ansType, \x1b[01;35m\x1b[K_u32 customCode\x1b[m\x1b[K, const void* data, size_t size) {}\n'}
[58.892944] (rplidar_ros) StderrLine: {'line': b'      |                                                             \x1b[01;35m\x1b[K~~~~~^~~~~~~~~~\x1b[m\x1b[K\n'}
[58.893672] (rplidar_ros) StderrLine: {'line': b'\x1b[01m\x1b[K/home/isc/tk2_ws/src/rplidar_ros/sdk/src/dataunpacker/dataunpacker.h:54:90:\x1b[m\x1b[K \x1b[01;35m\x1b[Kwarning: \x1b[m\x1b[Kunused parameter \xe2\x80\x98\x1b[01m\x1b[Kdata\x1b[m\x1b[K\xe2\x80\x99 [\x1b[01;35m\x1b[K\x1b]8;;https://gcc.gnu.org/onlinedocs/gcc/Warning-Options.html#index-Wunused-parameter\x07-Wunused-parameter\x1b]8;;\x07\x1b[m\x1b[K]\n'}
[58.894300] (rplidar_ros) StderrLine: {'line': b'   54 |         virtual void onCustomSampleDataDecoded(_u8 ansType, _u32 customCode, \x1b[01;35m\x1b[Kconst void* data\x1b[m\x1b[K, size_t size) {}\n'}
[58.894984] (rplidar_ros) StderrLine: {'line': b'      |                                                                              \x1b[01;35m\x1b[K~~~~~~~~~~~~^~~~\x1b[m\x1b[K\n'}
[58.898848] (rplidar_ros) StderrLine: {'line': b'\x1b[01m\x1b[K/home/isc/tk2_ws/src/rplidar_ros/sdk/src/dataunpacker/dataunpacker.h:54:103:\x1b[m\x1b[K \x1b[01;35m\x1b[Kwarning: \x1b[m\x1b[Kunused parameter \xe2\x80\x98\x1b[01m\x1b[Ksize\x1b[m\x1b[K\xe2\x80\x99 [\x1b[01;35m\x1b[K\x1b]8;;https://gcc.gnu.org/onlinedocs/gcc/Warning-Options.html#index-Wunused-parameter\x07-Wunused-parameter\x1b]8;;\x07\x1b[m\x1b[K]\n'}
[58.899585] (rplidar_ros) StderrLine: {'line': b'   54 |         virtual void onCustomSampleDataDecoded(_u8 ansType, _u32 customCode, const void* data, \x1b[01;35m\x1b[Ksize_t size\x1b[m\x1b[K) {}\n'}
[58.900135] (rplidar_ros) StderrLine: {'line': b'      |                                                                                                \x1b[01;35m\x1b[K~~~~~~~^~~~\x1b[m\x1b[K\n'}
[58.900724] (rplidar_ros) StderrLine: {'line': b'\x1b[01m\x1b[K/home/isc/tk2_ws/src/rplidar_ros/sdk/src/dataunpacker/dataunpacker.h:\x1b[m\x1b[K In member function \xe2\x80\x98\x1b[01m\x1b[Kvirtual void sl::internal::LIDARSampleDataListener::\x1b[01;32m\x1b[KonDecodingError\x1b[m\x1b[K(int, _u8, const void*, size_t)\x1b[m\x1b[K\xe2\x80\x99:\n'}
[58.904366] (rplidar_ros) StderrLine: {'line': b'\x1b[01m\x1b[K/home/isc/tk2_ws/src/rplidar_ros/sdk/src/dataunpacker/dataunpacker.h:56:42:\x1b[m\x1b[K \x1b[01;35m\x1b[Kwarning: \x1b[m\x1b[Kunused parameter \xe2\x80\x98\x1b[01m\x1b[KerrMsg\x1b[m\x1b[K\xe2\x80\x99 [\x1b[01;35m\x1b[K\x1b]8;;https://gcc.gnu.org/onlinedocs/gcc/Warning-Options.html#index-Wunused-parameter\x07-Wunused-parameter\x1b]8;;\x07\x1b[m\x1b[K]\n'}
[58.905113] (rplidar_ros) StderrLine: {'line': b'   56 |         virtual void onDecodingError(\x1b[01;35m\x1b[Kint errMsg\x1b[m\x1b[K, _u8 ansType, const void* payload, size_t size) {}\n'}
[58.905748] (rplidar_ros) StderrLine: {'line': b'      |                                      \x1b[01;35m\x1b[K~~~~^~~~~~\x1b[m\x1b[K\n'}
[58.906455] (rplidar_ros) StderrLine: {'line': b'\x1b[01m\x1b[K/home/isc/tk2_ws/src/rplidar_ros/sdk/src/dataunpacker/dataunpacker.h:56:54:\x1b[m\x1b[K \x1b[01;35m\x1b[Kwarning: \x1b[m\x1b[Kunused parameter \xe2\x80\x98\x1b[01m\x1b[KansType\x1b[m\x1b[K\xe2\x80\x99 [\x1b[01;35m\x1b[K\x1b]8;;https://gcc.gnu.org/onlinedocs/gcc/Warning-Options.html#index-Wunused-parameter\x07-Wunused-parameter\x1b]8;;\x07\x1b[m\x1b[K]\n'}
[58.910398] (-) TimerEvent: {}
[58.910962] (rplidar_ros) StderrLine: {'line': b'   56 |         virtual void onDecodingError(int errMsg, \x1b[01;35m\x1b[K_u8 ansType\x1b[m\x1b[K, const void* payload, size_t size) {}\n'}
[58.911856] (rplidar_ros) StderrLine: {'line': b'      |                                                  \x1b[01;35m\x1b[K~~~~^~~~~~~\x1b[m\x1b[K\n'}
[58.912682] (rplidar_ros) StderrLine: {'line': b'\x1b[01m\x1b[K/home/isc/tk2_ws/src/rplidar_ros/sdk/src/dataunpacker/dataunpacker.h:56:75:\x1b[m\x1b[K \x1b[01;35m\x1b[Kwarning: \x1b[m\x1b[Kunused parameter \xe2\x80\x98\x1b[01m\x1b[Kpayload\x1b[m\x1b[K\xe2\x80\x99 [\x1b[01;35m\x1b[K\x1b]8;;https://gcc.gnu.org/onlinedocs/gcc/Warning-Options.html#index-Wunused-parameter\x07-Wunused-parameter\x1b]8;;\x07\x1b[m\x1b[K]\n'}
[58.916608] (rplidar_ros) StderrLine: {'line': b'   56 |         virtual void onDecodingError(int errMsg, _u8 ansType, \x1b[01;35m\x1b[Kconst void* payload\x1b[m\x1b[K, size_t size) {}\n'}
[58.917259] (rplidar_ros) StderrLine: {'line': b'      |                                                               \x1b[01;35m\x1b[K~~~~~~~~~~~~^~~~~~~\x1b[m\x1b[K\n'}
[58.917899] (rplidar_ros) StderrLine: {'line': b'\x1b[01m\x1b[K/home/isc/tk2_ws/src/rplidar_ros/sdk/src/dataunpacker/dataunpacker.h:56:91:\x1b[m\x1b[K \x1b[01;35m\x1b[Kwarning: \x1b[m\x1b[Kunused parameter \xe2\x80\x98\x1b[01m\x1b[Ksize\x1b[m\x1b[K\xe2\x80\x99 [\x1b[01;35m\x1b[K\x1b]8;;https://gcc.gnu.org/onlinedocs/gcc/Warning-Options.html#index-Wunused-parameter\x07-Wunused-parameter\x1b]8;;\x07\x1b[m\x1b[K]\n'}
[58.918678] (rplidar_ros) StderrLine: {'line': b'   56 |         virtual void onDecodingError(int errMsg, _u8 ansType, const void* payload, \x1b[01;35m\x1b[Ksize_t size\x1b[m\x1b[K) {}\n'}
[58.922534] (rplidar_ros) StderrLine: {'line': b'      |                                                                                    \x1b[01;35m\x1b[K~~~~~~~^~~~\x1b[m\x1b[K\n'}
[58.934293] (rplidar_ros) StderrLine: {'line': b'In file included from \x1b[01m\x1b[K/home/isc/tk2_ws/src/rplidar_ros/sdk/src/sl_lidar_driver.cpp:51\x1b[m\x1b[K:\n'}
[58.938929] (rplidar_ros) StderrLine: {'line': b'\x1b[01m\x1b[K/home/isc/tk2_ws/src/rplidar_ros/sdk/src/sl_async_transceiver.h:\x1b[m\x1b[K In member function \xe2\x80\x98\x1b[01m\x1b[Kvirtual void sl::internal::IAsyncProtocolCodec::\x1b[01;32m\x1b[KonChannelError\x1b[m\x1b[K(u_result)\x1b[m\x1b[K\xe2\x80\x99:\n'}
[58.939682] (rplidar_ros) StderrLine: {'line': b'\x1b[01m\x1b[K/home/isc/tk2_ws/src/rplidar_ros/sdk/src/sl_async_transceiver.h:90:48:\x1b[m\x1b[K \x1b[01;35m\x1b[Kwarning: \x1b[m\x1b[Kunused parameter \xe2\x80\x98\x1b[01m\x1b[KerrCode\x1b[m\x1b[K\xe2\x80\x99 [\x1b[01;35m\x1b[K\x1b]8;;https://gcc.gnu.org/onlinedocs/gcc/Warning-Options.html#index-Wunused-parameter\x07-Wunused-parameter\x1b]8;;\x07\x1b[m\x1b[K]\n'}
[58.940443] (rplidar_ros) StderrLine: {'line': b'   90 |         virtual void   onChannelError(\x1b[01;35m\x1b[Ku_result errCode\x1b[m\x1b[K) {}\n'}
[58.941051] (rplidar_ros) StderrLine: {'line': b'      |                                       \x1b[01;35m\x1b[K~~~~~~~~~^~~~~~~\x1b[m\x1b[K\n'}
[59.010633] (-) TimerEvent: {}
[59.064323] (rplidar_ros) StderrLine: {'line': b'\x1b[01m\x1b[K/home/isc/tk2_ws/src/rplidar_ros/sdk/src/sl_lidar_driver.cpp:\x1b[m\x1b[K In member function \xe2\x80\x98\x1b[01m\x1b[Kvirtual sl_result sl::SlamtecLidarDriver::\x1b[01;32m\x1b[Kreset\x1b[m\x1b[K(sl_u32)\x1b[m\x1b[K\xe2\x80\x99:\n'}
[59.065515] (rplidar_ros) StderrLine: {'line': b'\x1b[01m\x1b[K/home/isc/tk2_ws/src/rplidar_ros/sdk/src/sl_lidar_driver.cpp:511:32:\x1b[m\x1b[K \x1b[01;35m\x1b[Kwarning: \x1b[m\x1b[Kunused parameter \xe2\x80\x98\x1b[01m\x1b[KtimeoutInMs\x1b[m\x1b[K\xe2\x80\x99 [\x1b[01;35m\x1b[K\x1b]8;;https://gcc.gnu.org/onlinedocs/gcc/Warning-Options.html#index-Wunused-parameter\x07-Wunused-parameter\x1b]8;;\x07\x1b[m\x1b[K]\n'}
[59.066226] (rplidar_ros) StderrLine: {'line': b'  511 |         sl_result reset(\x1b[01;35m\x1b[Ksl_u32 timeoutInMs = DEFAULT_TIMEOUT\x1b[m\x1b[K)\n'}
[59.066793] (rplidar_ros) StderrLine: {'line': b'      |                         \x1b[01;35m\x1b[K~~~~~~~^~~~~~~~~~~~~~~~~~~~~~~~~~~~~\x1b[m\x1b[K\n'}
[59.087397] (rplidar_ros) StderrLine: {'line': b'\x1b[01m\x1b[K/home/isc/tk2_ws/src/rplidar_ros/sdk/src/sl_lidar_driver.cpp:\x1b[m\x1b[K In member function \xe2\x80\x98\x1b[01m\x1b[Kvirtual sl_result sl::SlamtecLidarDriver::\x1b[01;32m\x1b[KstartScan\x1b[m\x1b[K(bool, bool, sl_u32, sl::LidarScanMode*)\x1b[m\x1b[K\xe2\x80\x99:\n'}
[59.088322] (rplidar_ros) StderrLine: {'line': b'\x1b[01m\x1b[K/home/isc/tk2_ws/src/rplidar_ros/sdk/src/sl_lidar_driver.cpp:586:69:\x1b[m\x1b[K \x1b[01;35m\x1b[Kwarning: \x1b[m\x1b[Kunused parameter \xe2\x80\x98\x1b[01m\x1b[Koptions\x1b[m\x1b[K\xe2\x80\x99 [\x1b[01;35m\x1b[K\x1b]8;;https://gcc.gnu.org/onlinedocs/gcc/Warning-Options.html#index-Wunused-parameter\x07-Wunused-parameter\x1b]8;;\x07\x1b[m\x1b[K]\n'}
[59.088942] (rplidar_ros) StderrLine: {'line': b'  586 |         sl_result startScan(bool force, bool useTypicalScan, \x1b[01;35m\x1b[Ksl_u32 options = 0\x1b[m\x1b[K, LidarScanMode* outUsedScanMode = nullptr)\n'}
[59.089472] (rplidar_ros) StderrLine: {'line': b'      |                                                              \x1b[01;35m\x1b[K~~~~~~~^~~~~~~~~~~\x1b[m\x1b[K\n'}
[59.100375] (rplidar_ros) StderrLine: {'line': b'\x1b[01m\x1b[K/home/isc/tk2_ws/src/rplidar_ros/sdk/src/sl_lidar_driver.cpp:\x1b[m\x1b[K In member function \xe2\x80\x98\x1b[01m\x1b[Kvirtual sl_result sl::SlamtecLidarDriver::\x1b[01;32m\x1b[Kstop\x1b[m\x1b[K(sl_u32)\x1b[m\x1b[K\xe2\x80\x99:\n'}
[59.101242] (rplidar_ros) StderrLine: {'line': b'\x1b[01m\x1b[K/home/isc/tk2_ws/src/rplidar_ros/sdk/src/sl_lidar_driver.cpp:763:31:\x1b[m\x1b[K \x1b[01;35m\x1b[Kwarning: \x1b[m\x1b[Kunused parameter \xe2\x80\x98\x1b[01m\x1b[Ktimeout\x1b[m\x1b[K\xe2\x80\x99 [\x1b[01;35m\x1b[K\x1b]8;;https://gcc.gnu.org/onlinedocs/gcc/Warning-Options.html#index-Wunused-parameter\x07-Wunused-parameter\x1b]8;;\x07\x1b[m\x1b[K]\n'}
[59.102308] (rplidar_ros) StderrLine: {'line': b'  763 |         sl_result stop(\x1b[01;35m\x1b[Ksl_u32 timeout = DEFAULT_TIMEOUT\x1b[m\x1b[K)\n'}
[59.106349] (rplidar_ros) StderrLine: {'line': b'      |                        \x1b[01;35m\x1b[K~~~~~~~^~~~~~~~~~~~~~~~~~~~~~~~~\x1b[m\x1b[K\n'}
[59.112379] (rplidar_ros) StderrLine: {'line': b'\x1b[01m\x1b[K/home/isc/tk2_ws/src/rplidar_ros/sdk/src/sl_lidar_driver.cpp:\x1b[m\x1b[K In member function \xe2\x80\x98\x1b[01m\x1b[Kvirtual sl_result sl::SlamtecLidarDriver::\x1b[01;32m\x1b[KgetFrequency\x1b[m\x1b[K(const sl::LidarScanMode&, const sl_lidar_response_measurement_node_hq_t*, size_t, float&)\x1b[m\x1b[K\xe2\x80\x99:\n'}
[59.113619] (-) TimerEvent: {}
[59.114148] (rplidar_ros) StderrLine: {'line': b'\x1b[01m\x1b[K/home/isc/tk2_ws/src/rplidar_ros/sdk/src/sl_lidar_driver.cpp:880:110:\x1b[m\x1b[K \x1b[01;35m\x1b[Kwarning: \x1b[m\x1b[Kunused parameter \xe2\x80\x98\x1b[01m\x1b[Knodes\x1b[m\x1b[K\xe2\x80\x99 [\x1b[01;35m\x1b[K\x1b]8;;https://gcc.gnu.org/onlinedocs/gcc/Warning-Options.html#index-Wunused-parameter\x07-Wunused-parameter\x1b]8;;\x07\x1b[m\x1b[K]\n'}
[59.114959] (rplidar_ros) StderrLine: {'line': b'  880 |         sl_result getFrequency(const LidarScanMode& scanMode, \x1b[01;35m\x1b[Kconst sl_lidar_response_measurement_node_hq_t* nodes\x1b[m\x1b[K, size_t count, float& frequency)\n'}
[59.117939] (rplidar_ros) StderrLine: {'line': b'      |                                                               \x1b[01;35m\x1b[K~~~~~~~~~~~~~~~~~~~~~~~~~~~~~~~~~~~~~~~~~~~~~~~^~~~~\x1b[m\x1b[K\n'}
[59.130351] (rplidar_ros) StderrLine: {'line': b'\x1b[01m\x1b[K/home/isc/tk2_ws/src/rplidar_ros/sdk/src/sl_lidar_driver.cpp:\x1b[m\x1b[K In member function \xe2\x80\x98\x1b[01m\x1b[Kvirtual sl_result sl::SlamtecLidarDriver::\x1b[01;32m\x1b[KgetMotorInfo\x1b[m\x1b[K(sl::LidarMotorInfo&, sl_u32)\x1b[m\x1b[K\xe2\x80\x99:\n'}
[59.131329] (rplidar_ros) StderrLine: {'line': b'\x1b[01m\x1b[K/home/isc/tk2_ws/src/rplidar_ros/sdk/src/sl_lidar_driver.cpp:1023:66:\x1b[m\x1b[K \x1b[01;35m\x1b[Kwarning: \x1b[m\x1b[Kunused parameter \xe2\x80\x98\x1b[01m\x1b[KtimeoutInMs\x1b[m\x1b[K\xe2\x80\x99 [\x1b[01;35m\x1b[K\x1b]8;;https://gcc.gnu.org/onlinedocs/gcc/Warning-Options.html#index-Wunused-parameter\x07-Wunused-parameter\x1b]8;;\x07\x1b[m\x1b[K]\n'}
[59.132016] (rplidar_ros) StderrLine: {'line': b' 1023 |         sl_result getMotorInfo(LidarMotorInfo &motorInfo, \x1b[01;35m\x1b[Ksl_u32 timeoutInMs\x1b[m\x1b[K)\n'}
[59.132815] (rplidar_ros) StderrLine: {'line': b'      |                                                           \x1b[01;35m\x1b[K~~~~~~~^~~~~~~~~~~\x1b[m\x1b[K\n'}
[59.136752] (rplidar_ros) StderrLine: {'line': b'\x1b[01m\x1b[K/home/isc/tk2_ws/src/rplidar_ros/sdk/src/sl_lidar_driver.cpp:\x1b[m\x1b[K In member function \xe2\x80\x98\x1b[01m\x1b[Ku_result sl::SlamtecLidarDriver::\x1b[01;32m\x1b[KgetScanModeCount\x1b[m\x1b[K(sl_u16&, sl_u32)\x1b[m\x1b[K\xe2\x80\x99:\n'}
[59.137699] (rplidar_ros) StderrLine: {'line': b'\x1b[01m\x1b[K/home/isc/tk2_ws/src/rplidar_ros/sdk/src/sl_lidar_driver.cpp:1199:61:\x1b[m\x1b[K \x1b[01;35m\x1b[Kwarning: \x1b[m\x1b[Kunused parameter \xe2\x80\x98\x1b[01m\x1b[KtimeoutInMs\x1b[m\x1b[K\xe2\x80\x99 [\x1b[01;35m\x1b[K\x1b]8;;https://gcc.gnu.org/onlinedocs/gcc/Warning-Options.html#index-Wunused-parameter\x07-Wunused-parameter\x1b]8;;\x07\x1b[m\x1b[K]\n'}
[59.138373] (rplidar_ros) StderrLine: {'line': b' 1199 |         u_result getScanModeCount(sl_u16& modeCount, \x1b[01;35m\x1b[Ksl_u32 timeoutInMs = DEFAULT_TIMEOUT\x1b[m\x1b[K)\n'}
[59.138905] (rplidar_ros) StderrLine: {'line': b'      |                                                      \x1b[01;35m\x1b[K~~~~~~~^~~~~~~~~~~~~~~~~~~~~~~~~~~~~\x1b[m\x1b[K\n'}
[59.168359] (rplidar_ros) StderrLine: {'line': b'In file included from \x1b[01m\x1b[K/home/isc/tk2_ws/src/rplidar_ros/sdk/src/sl_lidarprotocol_codec.cpp:49\x1b[m\x1b[K:\n'}
[59.169243] (rplidar_ros) StderrLine: {'line': b'\x1b[01m\x1b[K/home/isc/tk2_ws/src/rplidar_ros/sdk/src/sl_async_transceiver.h:\x1b[m\x1b[K In member function \xe2\x80\x98\x1b[01m\x1b[Kvirtual void sl::internal::IAsyncProtocolCodec::\x1b[01;32m\x1b[KonChannelError\x1b[m\x1b[K(u_result)\x1b[m\x1b[K\xe2\x80\x99:\n'}
[59.169952] (rplidar_ros) StderrLine: {'line': b'\x1b[01m\x1b[K/home/isc/tk2_ws/src/rplidar_ros/sdk/src/sl_async_transceiver.h:90:48:\x1b[m\x1b[K \x1b[01;35m\x1b[Kwarning: \x1b[m\x1b[Kunused parameter \xe2\x80\x98\x1b[01m\x1b[KerrCode\x1b[m\x1b[K\xe2\x80\x99 [\x1b[01;35m\x1b[K\x1b]8;;https://gcc.gnu.org/onlinedocs/gcc/Warning-Options.html#index-Wunused-parameter\x07-Wunused-parameter\x1b]8;;\x07\x1b[m\x1b[K]\n'}
[59.170567] (rplidar_ros) StderrLine: {'line': b'   90 |         virtual void   onChannelError(\x1b[01;35m\x1b[Ku_result errCode\x1b[m\x1b[K) {}\n'}
[59.171044] (rplidar_ros) StderrLine: {'line': b'      |                                       \x1b[01;35m\x1b[K~~~~~~~~~^~~~~~~\x1b[m\x1b[K\n'}
[59.216423] (-) TimerEvent: {}
[59.317355] (-) TimerEvent: {}
[59.364583] (rplidar_ros) StderrLine: {'line': b'/home/isc/tk2_ws/src/rplidar_ros/sdk/src/sl_lidar_driver.cpp: In instantiation of \xe2\x80\x98\x1b[01m\x1b[Kvoid sl::RawSampleNodeHolder<T>::\x1b[01;32m\x1b[KpushNode\x1b[m\x1b[K(_u64, const T*) \x1b[35m\x1b[K[with T = sl_lidar_response_measurement_node_hq_t; _u64 = long unsigned int]\x1b[m\x1b[K\x1b[m\x1b[K\xe2\x80\x99:\n'}
[59.366365] (rplidar_ros) StderrLine: {'line': b'\x1b[01m\x1b[K/home/isc/tk2_ws/src/rplidar_ros/sdk/src/sl_lidar_driver.cpp:1648:42:\x1b[m\x1b[K   required from here\n'}
[59.371617] (rplidar_ros) StderrLine: {'line': b'\x1b[01m\x1b[K/home/isc/tk2_ws/src/rplidar_ros/sdk/src/sl_lidar_driver.cpp:202:28:\x1b[m\x1b[K \x1b[01;35m\x1b[Kwarning: \x1b[m\x1b[Kunused parameter \xe2\x80\x98\x1b[01m\x1b[Ktimestamp_uS\x1b[m\x1b[K\xe2\x80\x99 [\x1b[01;35m\x1b[K\x1b]8;;https://gcc.gnu.org/onlinedocs/gcc/Warning-Options.html#index-Wunused-parameter\x07-Wunused-parameter\x1b]8;;\x07\x1b[m\x1b[K]\n'}
[59.372856] (rplidar_ros) StderrLine: {'line': b'  202 |         void pushNode(\x1b[01;35m\x1b[K_u64 timestamp_uS\x1b[m\x1b[K, const T* node)\n'}
[59.373990] (rplidar_ros) StderrLine: {'line': b'      |                       \x1b[01;35m\x1b[K~~~~~^~~~~~~~~~~~\x1b[m\x1b[K\n'}
[59.417625] (-) TimerEvent: {}
[59.519408] (-) TimerEvent: {}
[59.534369] (rplidar_ros) StderrLine: {'line': b'In file included from \x1b[01m\x1b[K/home/isc/tk2_ws/src/rplidar_ros/sdk/include/rplidar_protocol.h:36\x1b[m\x1b[K,\n'}
[59.535300] (rplidar_ros) StderrLine: {'line': b'                 from \x1b[01m\x1b[K/home/isc/tk2_ws/src/rplidar_ros/sdk/include/rplidar.h:39\x1b[m\x1b[K,\n'}
[59.539476] (rplidar_ros) StderrLine: {'line': b'                 from \x1b[01m\x1b[K/home/isc/tk2_ws/src/rplidar_ros/sdk/src/sdkcommon.h:49\x1b[m\x1b[K,\n'}
[59.540612] (rplidar_ros) StderrLine: {'line': b'                 from \x1b[01m\x1b[K/home/isc/tk2_ws/src/rplidar_ros/sdk/src/sl_lidar_driver.cpp:33\x1b[m\x1b[K:\n'}
[59.542084] (rplidar_ros) StderrLine: {'line': b'\x1b[01m\x1b[K/home/isc/tk2_ws/src/rplidar_ros/sdk/include/sl_lidar_protocol.h:66:16:\x1b[m\x1b[K \x1b[01;35m\x1b[Kwarning: \x1b[m\x1b[KISO C++ forbids zero-size array \xe2\x80\x98\x1b[01m\x1b[Kdata\x1b[m\x1b[K\xe2\x80\x99 [\x1b[01;35m\x1b[K\x1b]8;;https://gcc.gnu.org/onlinedocs/gcc/Warning-Options.html#index-Wpedantic\x07-Wpedantic\x1b]8;;\x07\x1b[m\x1b[K]\n'}
[59.546402] (rplidar_ros) StderrLine: {'line': b'   66 |     sl_u8 data[\x1b[01;35m\x1b[K0\x1b[m\x1b[K];\n'}
[59.547348] (rplidar_ros) StderrLine: {'line': b'      |                \x1b[01;35m\x1b[K^\x1b[m\x1b[K\n'}
[59.551497] (rplidar_ros) StderrLine: {'line': b'In file included from \x1b[01m\x1b[K/home/isc/tk2_ws/src/rplidar_ros/sdk/include/rplidar_cmd.h:36\x1b[m\x1b[K,\n'}
[59.552387] (rplidar_ros) StderrLine: {'line': b'                 from \x1b[01m\x1b[K/home/isc/tk2_ws/src/rplidar_ros/sdk/include/rplidar.h:40\x1b[m\x1b[K:\n'}
[59.553133] (rplidar_ros) StderrLine: {'line': b'\x1b[01m\x1b[K/home/isc/tk2_ws/src/rplidar_ros/sdk/include/sl_lidar_cmd.h:324:20:\x1b[m\x1b[K \x1b[01;35m\x1b[Kwarning: \x1b[m\x1b[KISO C++ forbids zero-size array \xe2\x80\x98\x1b[01m\x1b[Kpayload\x1b[m\x1b[K\xe2\x80\x99 [\x1b[01;35m\x1b[K\x1b]8;;https://gcc.gnu.org/onlinedocs/gcc/Warning-Options.html#index-Wpedantic\x07-Wpedantic\x1b]8;;\x07\x1b[m\x1b[K]\n'}
[59.553953] (rplidar_ros) StderrLine: {'line': b'  324 |     sl_u8  payload[\x1b[01;35m\x1b[K0\x1b[m\x1b[K];\n'}
[59.558246] (rplidar_ros) StderrLine: {'line': b'      |                    \x1b[01;35m\x1b[K^\x1b[m\x1b[K\n'}
[59.619701] (-) TimerEvent: {}
[59.722386] (-) TimerEvent: {}
[59.796543] (rplidar_ros) StdoutLine: {'line': b'[ 84%] \x1b[32mBuilding CXX object CMakeFiles/rplidar_node.dir/sdk/src/sl_udp_channel.cpp.o\x1b[0m\n'}
[59.822658] (-) TimerEvent: {}
[59.926826] (-) TimerEvent: {}
[60.003683] (rplidar_ros) StderrLine: {'line': b'\x1b[01m\x1b[K/home/isc/tk2_ws/src/rplidar_ros/sdk/src/sl_lidar_driver.cpp:\x1b[m\x1b[K At global scope:\n'}
[60.006584] (rplidar_ros) StderrLine: {'line': b'\x1b[01m\x1b[K/home/isc/tk2_ws/src/rplidar_ros/sdk/src/sl_lidar_driver.cpp:83:17:\x1b[m\x1b[K \x1b[01;35m\x1b[Kwarning: \x1b[m\x1b[K\xe2\x80\x98\x1b[01m\x1b[Kvoid sl::\x1b[01;32m\x1b[Kconvert\x1b[m\x1b[K(const sl_lidar_response_measurement_node_hq_t&, sl_lidar_response_measurement_node_t&)\x1b[m\x1b[K\xe2\x80\x99 defined but not used [\x1b[01;35m\x1b[K\x1b]8;;https://gcc.gnu.org/onlinedocs/gcc/Warning-Options.html#index-Wunused-function\x07-Wunused-function\x1b]8;;\x07\x1b[m\x1b[K]\n'}
[60.012697] (rplidar_ros) StderrLine: {'line': b'   83 |     static void \x1b[01;35m\x1b[Kconvert\x1b[m\x1b[K(const sl_lidar_response_measurement_node_hq_t& from, sl_lidar_response_measurement_node_t& to)\n'}
[60.014581] (rplidar_ros) StderrLine: {'line': b'      |                 \x1b[01;35m\x1b[K^~~~~~~\x1b[m\x1b[K\n'}
[60.019975] (rplidar_ros) StderrLine: {'line': b'\x1b[01m\x1b[K/home/isc/tk2_ws/src/rplidar_ros/sdk/src/sl_lidar_driver.cpp:75:17:\x1b[m\x1b[K \x1b[01;35m\x1b[Kwarning: \x1b[m\x1b[K\xe2\x80\x98\x1b[01m\x1b[Kvoid sl::\x1b[01;32m\x1b[Kconvert\x1b[m\x1b[K(const sl_lidar_response_measurement_node_t&, sl_lidar_response_measurement_node_hq_t&)\x1b[m\x1b[K\xe2\x80\x99 defined but not used [\x1b[01;35m\x1b[K\x1b]8;;https://gcc.gnu.org/onlinedocs/gcc/Warning-Options.html#index-Wunused-function\x07-Wunused-function\x1b]8;;\x07\x1b[m\x1b[K]\n'}
[60.021062] (rplidar_ros) StderrLine: {'line': b'   75 |     static void \x1b[01;35m\x1b[Kconvert\x1b[m\x1b[K(const sl_lidar_response_measurement_node_t& from, sl_lidar_response_measurement_node_hq_t& to)\n'}
[60.022144] (rplidar_ros) StderrLine: {'line': b'      |                 \x1b[01;35m\x1b[K^~~~~~~\x1b[m\x1b[K\n'}
[60.026254] (rplidar_ros) StderrLine: {'line': b'\x1b[01m\x1b[K/home/isc/tk2_ws/src/rplidar_ros/sdk/src/sl_lidar_driver.cpp:70:17:\x1b[m\x1b[K \x1b[01;35m\x1b[Kwarning: \x1b[m\x1b[K\xe2\x80\x98\x1b[01m\x1b[Kvoid sl::\x1b[01;32m\x1b[KprintDeprecationWarn\x1b[m\x1b[K(const char*, const char*)\x1b[m\x1b[K\xe2\x80\x99 defined but not used [\x1b[01;35m\x1b[K\x1b]8;;https://gcc.gnu.org/onlinedocs/gcc/Warning-Options.html#index-Wunused-function\x07-Wunused-function\x1b]8;;\x07\x1b[m\x1b[K]\n'}
[60.027401] (-) TimerEvent: {}
[60.028077] (rplidar_ros) StderrLine: {'line': b'   70 |     static void \x1b[01;35m\x1b[KprintDeprecationWarn\x1b[m\x1b[K(const char* fn, const char* replacement)\n'}
[60.032231] (rplidar_ros) StderrLine: {'line': b'      |                 \x1b[01;35m\x1b[K^~~~~~~~~~~~~~~~~~~~\x1b[m\x1b[K\n'}
[60.127641] (-) TimerEvent: {}
[60.228447] (-) TimerEvent: {}
[60.308340] (rplidar_ros) StderrLine: {'line': b'In file included from \x1b[01m\x1b[K/home/isc/tk2_ws/src/rplidar_ros/sdk/src/sl_lidar_driver.cpp:50\x1b[m\x1b[K:\n'}
[60.309490] (rplidar_ros) StderrLine: {'line': b'\x1b[01m\x1b[K/home/isc/tk2_ws/src/rplidar_ros/sdk/src/dataunpacker/dataunpacker.h:\x1b[m\x1b[K In member function \xe2\x80\x98\x1b[01m\x1b[Kvirtual void sl::internal::LIDARSampleDataListener::\x1b[01;32m\x1b[KonCustomSampleDataDecoded\x1b[m\x1b[K(_u8, _u32, const void*, size_t)\x1b[m\x1b[K\xe2\x80\x99:\n'}
[60.314144] (rplidar_ros) StderrLine: {'line': b'\x1b[01m\x1b[K/home/isc/tk2_ws/src/rplidar_ros/sdk/src/dataunpacker/dataunpacker.h:54:52:\x1b[m\x1b[K \x1b[01;35m\x1b[Kwarning: \x1b[m\x1b[Kunused parameter \xe2\x80\x98\x1b[01m\x1b[KansType\x1b[m\x1b[K\xe2\x80\x99 [\x1b[01;35m\x1b[K\x1b]8;;https://gcc.gnu.org/onlinedocs/gcc/Warning-Options.html#index-Wunused-parameter\x07-Wunused-parameter\x1b]8;;\x07\x1b[m\x1b[K]\n'}
[60.315662] (rplidar_ros) StderrLine: {'line': b'   54 |         virtual void onCustomSampleDataDecoded(\x1b[01;35m\x1b[K_u8 ansType\x1b[m\x1b[K, _u32 customCode, const void* data, size_t size) {}\n'}
[60.316712] (rplidar_ros) StderrLine: {'line': b'      |                                                \x1b[01;35m\x1b[K~~~~^~~~~~~\x1b[m\x1b[K\n'}
[60.320158] (rplidar_ros) StderrLine: {'line': b'\x1b[01m\x1b[K/home/isc/tk2_ws/src/rplidar_ros/sdk/src/dataunpacker/dataunpacker.h:54:66:\x1b[m\x1b[K \x1b[01;35m\x1b[Kwarning: \x1b[m\x1b[Kunused parameter \xe2\x80\x98\x1b[01m\x1b[KcustomCode\x1b[m\x1b[K\xe2\x80\x99 [\x1b[01;35m\x1b[K\x1b]8;;https://gcc.gnu.org/onlinedocs/gcc/Warning-Options.html#index-Wunused-parameter\x07-Wunused-parameter\x1b]8;;\x07\x1b[m\x1b[K]\n'}
[60.321106] (rplidar_ros) StderrLine: {'line': b'   54 |         virtual void onCustomSampleDataDecoded(_u8 ansType, \x1b[01;35m\x1b[K_u32 customCode\x1b[m\x1b[K, const void* data, size_t size) {}\n'}
[60.325256] (rplidar_ros) StderrLine: {'line': b'      |                                                             \x1b[01;35m\x1b[K~~~~~^~~~~~~~~~\x1b[m\x1b[K\n'}
[60.325995] (rplidar_ros) StderrLine: {'line': b'\x1b[01m\x1b[K/home/isc/tk2_ws/src/rplidar_ros/sdk/src/dataunpacker/dataunpacker.h:54:90:\x1b[m\x1b[K \x1b[01;35m\x1b[Kwarning: \x1b[m\x1b[Kunused parameter \xe2\x80\x98\x1b[01m\x1b[Kdata\x1b[m\x1b[K\xe2\x80\x99 [\x1b[01;35m\x1b[K\x1b]8;;https://gcc.gnu.org/onlinedocs/gcc/Warning-Options.html#index-Wunused-parameter\x07-Wunused-parameter\x1b]8;;\x07\x1b[m\x1b[K]\n'}
[60.326853] (rplidar_ros) StderrLine: {'line': b'   54 |         virtual void onCustomSampleDataDecoded(_u8 ansType, _u32 customCode, \x1b[01;35m\x1b[Kconst void* data\x1b[m\x1b[K, size_t size) {}\n'}
[60.327745] (rplidar_ros) StderrLine: {'line': b'      |                                                                              \x1b[01;35m\x1b[K~~~~~~~~~~~~^~~~\x1b[m\x1b[K\n'}
[60.332051] (-) TimerEvent: {}
[60.332787] (rplidar_ros) StderrLine: {'line': b'\x1b[01m\x1b[K/home/isc/tk2_ws/src/rplidar_ros/sdk/src/dataunpacker/dataunpacker.h:54:103:\x1b[m\x1b[K \x1b[01;35m\x1b[Kwarning: \x1b[m\x1b[Kunused parameter \xe2\x80\x98\x1b[01m\x1b[Ksize\x1b[m\x1b[K\xe2\x80\x99 [\x1b[01;35m\x1b[K\x1b]8;;https://gcc.gnu.org/onlinedocs/gcc/Warning-Options.html#index-Wunused-parameter\x07-Wunused-parameter\x1b]8;;\x07\x1b[m\x1b[K]\n'}
[60.333951] (rplidar_ros) StderrLine: {'line': b'   54 |         virtual void onCustomSampleDataDecoded(_u8 ansType, _u32 customCode, const void* data, \x1b[01;35m\x1b[Ksize_t size\x1b[m\x1b[K) {}\n'}
[60.338080] (rplidar_ros) StderrLine: {'line': b'      |                                                                                                \x1b[01;35m\x1b[K~~~~~~~^~~~\x1b[m\x1b[K\n'}
[60.338953] (rplidar_ros) StderrLine: {'line': b'\x1b[01m\x1b[K/home/isc/tk2_ws/src/rplidar_ros/sdk/src/dataunpacker/dataunpacker.h:\x1b[m\x1b[K In member function \xe2\x80\x98\x1b[01m\x1b[Kvirtual void sl::internal::LIDARSampleDataListener::\x1b[01;32m\x1b[KonDecodingError\x1b[m\x1b[K(int, _u8, const void*, size_t)\x1b[m\x1b[K\xe2\x80\x99:\n'}
[60.339824] (rplidar_ros) StderrLine: {'line': b'\x1b[01m\x1b[K/home/isc/tk2_ws/src/rplidar_ros/sdk/src/dataunpacker/dataunpacker.h:56:42:\x1b[m\x1b[K \x1b[01;35m\x1b[Kwarning: \x1b[m\x1b[Kunused parameter \xe2\x80\x98\x1b[01m\x1b[KerrMsg\x1b[m\x1b[K\xe2\x80\x99 [\x1b[01;35m\x1b[K\x1b]8;;https://gcc.gnu.org/onlinedocs/gcc/Warning-Options.html#index-Wunused-parameter\x07-Wunused-parameter\x1b]8;;\x07\x1b[m\x1b[K]\n'}
[60.342994] (rplidar_ros) StderrLine: {'line': b'   56 |         virtual void onDecodingError(\x1b[01;35m\x1b[Kint errMsg\x1b[m\x1b[K, _u8 ansType, const void* payload, size_t size) {}\n'}
[60.343857] (rplidar_ros) StderrLine: {'line': b'      |                                      \x1b[01;35m\x1b[K~~~~^~~~~~\x1b[m\x1b[K\n'}
[60.344694] (rplidar_ros) StderrLine: {'line': b'\x1b[01m\x1b[K/home/isc/tk2_ws/src/rplidar_ros/sdk/src/dataunpacker/dataunpacker.h:56:54:\x1b[m\x1b[K \x1b[01;35m\x1b[Kwarning: \x1b[m\x1b[Kunused parameter \xe2\x80\x98\x1b[01m\x1b[KansType\x1b[m\x1b[K\xe2\x80\x99 [\x1b[01;35m\x1b[K\x1b]8;;https://gcc.gnu.org/onlinedocs/gcc/Warning-Options.html#index-Wunused-parameter\x07-Wunused-parameter\x1b]8;;\x07\x1b[m\x1b[K]\n'}
[60.349776] (rplidar_ros) StderrLine: {'line': b'   56 |         virtual void onDecodingError(int errMsg, \x1b[01;35m\x1b[K_u8 ansType\x1b[m\x1b[K, const void* payload, size_t size) {}\n'}
[60.350767] (rplidar_ros) StderrLine: {'line': b'      |                                                  \x1b[01;35m\x1b[K~~~~^~~~~~~\x1b[m\x1b[K\n'}
[60.351579] (rplidar_ros) StderrLine: {'line': b'\x1b[01m\x1b[K/home/isc/tk2_ws/src/rplidar_ros/sdk/src/dataunpacker/dataunpacker.h:56:75:\x1b[m\x1b[K \x1b[01;35m\x1b[Kwarning: \x1b[m\x1b[Kunused parameter \xe2\x80\x98\x1b[01m\x1b[Kpayload\x1b[m\x1b[K\xe2\x80\x99 [\x1b[01;35m\x1b[K\x1b]8;;https://gcc.gnu.org/onlinedocs/gcc/Warning-Options.html#index-Wunused-parameter\x07-Wunused-parameter\x1b]8;;\x07\x1b[m\x1b[K]\n'}
[60.355499] (rplidar_ros) StderrLine: {'line': b'   56 |         virtual void onDecodingError(int errMsg, _u8 ansType, \x1b[01;35m\x1b[Kconst void* payload\x1b[m\x1b[K, size_t size) {}\n'}
[60.356376] (rplidar_ros) StderrLine: {'line': b'      |                                                               \x1b[01;35m\x1b[K~~~~~~~~~~~~^~~~~~~\x1b[m\x1b[K\n'}
[60.357110] (rplidar_ros) StderrLine: {'line': b'\x1b[01m\x1b[K/home/isc/tk2_ws/src/rplidar_ros/sdk/src/dataunpacker/dataunpacker.h:56:91:\x1b[m\x1b[K \x1b[01;35m\x1b[Kwarning: \x1b[m\x1b[Kunused parameter \xe2\x80\x98\x1b[01m\x1b[Ksize\x1b[m\x1b[K\xe2\x80\x99 [\x1b[01;35m\x1b[K\x1b]8;;https://gcc.gnu.org/onlinedocs/gcc/Warning-Options.html#index-Wunused-parameter\x07-Wunused-parameter\x1b]8;;\x07\x1b[m\x1b[K]\n'}
[60.357955] (rplidar_ros) StderrLine: {'line': b'   56 |         virtual void onDecodingError(int errMsg, _u8 ansType, const void* payload, \x1b[01;35m\x1b[Ksize_t size\x1b[m\x1b[K) {}\n'}
[60.362042] (rplidar_ros) StderrLine: {'line': b'      |                                                                                    \x1b[01;35m\x1b[K~~~~~~~^~~~\x1b[m\x1b[K\n'}
[60.368418] (rplidar_ros) StderrLine: {'line': b'In file included from \x1b[01m\x1b[K/home/isc/tk2_ws/src/rplidar_ros/sdk/src/sl_lidar_driver.cpp:51\x1b[m\x1b[K:\n'}
[60.369756] (rplidar_ros) StderrLine: {'line': b'\x1b[01m\x1b[K/home/isc/tk2_ws/src/rplidar_ros/sdk/src/sl_async_transceiver.h:\x1b[m\x1b[K In member function \xe2\x80\x98\x1b[01m\x1b[Kvirtual void sl::internal::IAsyncProtocolCodec::\x1b[01;32m\x1b[KonChannelError\x1b[m\x1b[K(u_result)\x1b[m\x1b[K\xe2\x80\x99:\n'}
[60.371093] (rplidar_ros) StderrLine: {'line': b'\x1b[01m\x1b[K/home/isc/tk2_ws/src/rplidar_ros/sdk/src/sl_async_transceiver.h:90:48:\x1b[m\x1b[K \x1b[01;35m\x1b[Kwarning: \x1b[m\x1b[Kunused parameter \xe2\x80\x98\x1b[01m\x1b[KerrCode\x1b[m\x1b[K\xe2\x80\x99 [\x1b[01;35m\x1b[K\x1b]8;;https://gcc.gnu.org/onlinedocs/gcc/Warning-Options.html#index-Wunused-parameter\x07-Wunused-parameter\x1b]8;;\x07\x1b[m\x1b[K]\n'}
[60.375666] (rplidar_ros) StderrLine: {'line': b'   90 |         virtual void   onChannelError(\x1b[01;35m\x1b[Ku_result errCode\x1b[m\x1b[K) {}\n'}
[60.376962] (rplidar_ros) StderrLine: {'line': b'      |                                       \x1b[01;35m\x1b[K~~~~~~~~~^~~~~~~\x1b[m\x1b[K\n'}
[60.381254] (rplidar_ros) StderrLine: {'line': b'In file included from \x1b[01m\x1b[K/home/isc/tk2_ws/src/rplidar_ros/sdk/include/sl_lidar_cmd.h:41\x1b[m\x1b[K,\n'}
[60.382060] (rplidar_ros) StderrLine: {'line': b'                 from \x1b[01m\x1b[K/home/isc/tk2_ws/src/rplidar_ros/sdk/include/sl_lidar_driver.h:54\x1b[m\x1b[K,\n'}
[60.382887] (rplidar_ros) StderrLine: {'line': b'                 from \x1b[01m\x1b[K/home/isc/tk2_ws/src/rplidar_ros/sdk/src/sl_tcp_channel.cpp:33\x1b[m\x1b[K:\n'}
[60.389427] (rplidar_ros) StderrLine: {'line': b'\x1b[01m\x1b[K/home/isc/tk2_ws/src/rplidar_ros/sdk/include/sl_lidar_protocol.h:66:16:\x1b[m\x1b[K \x1b[01;35m\x1b[Kwarning: \x1b[m\x1b[KISO C++ forbids zero-size array \xe2\x80\x98\x1b[01m\x1b[Kdata\x1b[m\x1b[K\xe2\x80\x99 [\x1b[01;35m\x1b[K\x1b]8;;https://gcc.gnu.org/onlinedocs/gcc/Warning-Options.html#index-Wpedantic\x07-Wpedantic\x1b]8;;\x07\x1b[m\x1b[K]\n'}
[60.390480] (rplidar_ros) StderrLine: {'line': b'   66 |     sl_u8 data[\x1b[01;35m\x1b[K0\x1b[m\x1b[K];\n'}
[60.391128] (rplidar_ros) StderrLine: {'line': b'      |                \x1b[01;35m\x1b[K^\x1b[m\x1b[K\n'}
[60.391927] (rplidar_ros) StderrLine: {'line': b'\x1b[01m\x1b[K/home/isc/tk2_ws/src/rplidar_ros/sdk/include/sl_lidar_cmd.h:324:20:\x1b[m\x1b[K \x1b[01;35m\x1b[Kwarning: \x1b[m\x1b[KISO C++ forbids zero-size array \xe2\x80\x98\x1b[01m\x1b[Kpayload\x1b[m\x1b[K\xe2\x80\x99 [\x1b[01;35m\x1b[K\x1b]8;;https://gcc.gnu.org/onlinedocs/gcc/Warning-Options.html#index-Wpedantic\x07-Wpedantic\x1b]8;;\x07\x1b[m\x1b[K]\n'}
[60.392806] (rplidar_ros) StderrLine: {'line': b'  324 |     sl_u8  payload[\x1b[01;35m\x1b[K0\x1b[m\x1b[K];\n'}
[60.396845] (rplidar_ros) StderrLine: {'line': b'      |                    \x1b[01;35m\x1b[K^\x1b[m\x1b[K\n'}
[60.408436] (rplidar_ros) StderrLine: {'line': b'\x1b[01m\x1b[K/home/isc/tk2_ws/src/rplidar_ros/sdk/src/sl_tcp_channel.cpp:\x1b[m\x1b[K In member function \xe2\x80\x98\x1b[01m\x1b[Kvoid sl::TcpChannel::\x1b[01;32m\x1b[KsetStatus\x1b[m\x1b[K(_u32)\x1b[m\x1b[K\xe2\x80\x99:\n'}
[60.409462] (rplidar_ros) StderrLine: {'line': b'\x1b[01m\x1b[K/home/isc/tk2_ws/src/rplidar_ros/sdk/src/sl_tcp_channel.cpp:109:29:\x1b[m\x1b[K \x1b[01;35m\x1b[Kwarning: \x1b[m\x1b[Kunused parameter \xe2\x80\x98\x1b[01m\x1b[Kflag\x1b[m\x1b[K\xe2\x80\x99 [\x1b[01;35m\x1b[K\x1b]8;;https://gcc.gnu.org/onlinedocs/gcc/Warning-Options.html#index-Wunused-parameter\x07-Wunused-parameter\x1b]8;;\x07\x1b[m\x1b[K]\n'}
[60.410339] (rplidar_ros) StderrLine: {'line': b'  109 |         void setStatus(\x1b[01;35m\x1b[K_u32 flag\x1b[m\x1b[K){}\n'}
[60.415275] (rplidar_ros) StderrLine: {'line': b'      |                        \x1b[01;35m\x1b[K~~~~~^~~~\x1b[m\x1b[K\n'}
[60.432360] (-) TimerEvent: {}
[60.496737] (rplidar_ros) StderrLine: {'line': b'\x1b[01m\x1b[K/home/isc/tk2_ws/src/rplidar_ros/sdk/src/sl_lidar_driver.cpp:\x1b[m\x1b[K In member function \xe2\x80\x98\x1b[01m\x1b[Kvirtual sl_result sl::SlamtecLidarDriver::\x1b[01;32m\x1b[Kreset\x1b[m\x1b[K(sl_u32)\x1b[m\x1b[K\xe2\x80\x99:\n'}
[60.497728] (rplidar_ros) StderrLine: {'line': b'\x1b[01m\x1b[K/home/isc/tk2_ws/src/rplidar_ros/sdk/src/sl_lidar_driver.cpp:511:32:\x1b[m\x1b[K \x1b[01;35m\x1b[Kwarning: \x1b[m\x1b[Kunused parameter \xe2\x80\x98\x1b[01m\x1b[KtimeoutInMs\x1b[m\x1b[K\xe2\x80\x99 [\x1b[01;35m\x1b[K\x1b]8;;https://gcc.gnu.org/onlinedocs/gcc/Warning-Options.html#index-Wunused-parameter\x07-Wunused-parameter\x1b]8;;\x07\x1b[m\x1b[K]\n'}
[60.498682] (rplidar_ros) StderrLine: {'line': b'  511 |         sl_result reset(\x1b[01;35m\x1b[Ksl_u32 timeoutInMs = DEFAULT_TIMEOUT\x1b[m\x1b[K)\n'}
[60.502842] (rplidar_ros) StderrLine: {'line': b'      |                         \x1b[01;35m\x1b[K~~~~~~~^~~~~~~~~~~~~~~~~~~~~~~~~~~~~\x1b[m\x1b[K\n'}
[60.517374] (rplidar_ros) StderrLine: {'line': b'\x1b[01m\x1b[K/home/isc/tk2_ws/src/rplidar_ros/sdk/src/sl_lidar_driver.cpp:\x1b[m\x1b[K In member function \xe2\x80\x98\x1b[01m\x1b[Kvirtual sl_result sl::SlamtecLidarDriver::\x1b[01;32m\x1b[KstartScan\x1b[m\x1b[K(bool, bool, sl_u32, sl::LidarScanMode*)\x1b[m\x1b[K\xe2\x80\x99:\n'}
[60.518392] (rplidar_ros) StderrLine: {'line': b'\x1b[01m\x1b[K/home/isc/tk2_ws/src/rplidar_ros/sdk/src/sl_lidar_driver.cpp:586:69:\x1b[m\x1b[K \x1b[01;35m\x1b[Kwarning: \x1b[m\x1b[Kunused parameter \xe2\x80\x98\x1b[01m\x1b[Koptions\x1b[m\x1b[K\xe2\x80\x99 [\x1b[01;35m\x1b[K\x1b]8;;https://gcc.gnu.org/onlinedocs/gcc/Warning-Options.html#index-Wunused-parameter\x07-Wunused-parameter\x1b]8;;\x07\x1b[m\x1b[K]\n'}
[60.519284] (rplidar_ros) StderrLine: {'line': b'  586 |         sl_result startScan(bool force, bool useTypicalScan, \x1b[01;35m\x1b[Ksl_u32 options = 0\x1b[m\x1b[K, LidarScanMode* outUsedScanMode = nullptr)\n'}
[60.520096] (rplidar_ros) StderrLine: {'line': b'      |                                                              \x1b[01;35m\x1b[K~~~~~~~^~~~~~~~~~~\x1b[m\x1b[K\n'}
[60.529088] (rplidar_ros) StderrLine: {'line': b'\x1b[01m\x1b[K/home/isc/tk2_ws/src/rplidar_ros/sdk/src/sl_lidar_driver.cpp:\x1b[m\x1b[K In member function \xe2\x80\x98\x1b[01m\x1b[Kvirtual sl_result sl::SlamtecLidarDriver::\x1b[01;32m\x1b[Kstop\x1b[m\x1b[K(sl_u32)\x1b[m\x1b[K\xe2\x80\x99:\n'}
[60.532955] (-) TimerEvent: {}
[60.533600] (rplidar_ros) StderrLine: {'line': b'\x1b[01m\x1b[K/home/isc/tk2_ws/src/rplidar_ros/sdk/src/sl_lidar_driver.cpp:763:31:\x1b[m\x1b[K \x1b[01;35m\x1b[Kwarning: \x1b[m\x1b[Kunused parameter \xe2\x80\x98\x1b[01m\x1b[Ktimeout\x1b[m\x1b[K\xe2\x80\x99 [\x1b[01;35m\x1b[K\x1b]8;;https://gcc.gnu.org/onlinedocs/gcc/Warning-Options.html#index-Wunused-parameter\x07-Wunused-parameter\x1b]8;;\x07\x1b[m\x1b[K]\n'}
[60.534682] (rplidar_ros) StderrLine: {'line': b'  763 |         sl_result stop(\x1b[01;35m\x1b[Ksl_u32 timeout = DEFAULT_TIMEOUT\x1b[m\x1b[K)\n'}
[60.536874] (rplidar_ros) StderrLine: {'line': b'      |                        \x1b[01;35m\x1b[K~~~~~~~^~~~~~~~~~~~~~~~~~~~~~~~~\x1b[m\x1b[K\n'}
[60.546441] (rplidar_ros) StderrLine: {'line': b'\x1b[01m\x1b[K/home/isc/tk2_ws/src/rplidar_ros/sdk/src/sl_lidar_driver.cpp:\x1b[m\x1b[K In member function \xe2\x80\x98\x1b[01m\x1b[Kvirtual sl_result sl::SlamtecLidarDriver::\x1b[01;32m\x1b[KgetFrequency\x1b[m\x1b[K(const sl::LidarScanMode&, const sl_lidar_response_measurement_node_hq_t*, size_t, float&)\x1b[m\x1b[K\xe2\x80\x99:\n'}
[60.547628] (rplidar_ros) StderrLine: {'line': b'\x1b[01m\x1b[K/home/isc/tk2_ws/src/rplidar_ros/sdk/src/sl_lidar_driver.cpp:880:110:\x1b[m\x1b[K \x1b[01;35m\x1b[Kwarning: \x1b[m\x1b[Kunused parameter \xe2\x80\x98\x1b[01m\x1b[Knodes\x1b[m\x1b[K\xe2\x80\x99 [\x1b[01;35m\x1b[K\x1b]8;;https://gcc.gnu.org/onlinedocs/gcc/Warning-Options.html#index-Wunused-parameter\x07-Wunused-parameter\x1b]8;;\x07\x1b[m\x1b[K]\n'}
[60.548500] (rplidar_ros) StderrLine: {'line': b'  880 |         sl_result getFrequency(const LidarScanMode& scanMode, \x1b[01;35m\x1b[Kconst sl_lidar_response_measurement_node_hq_t* nodes\x1b[m\x1b[K, size_t count, float& frequency)\n'}
[60.553495] (rplidar_ros) StderrLine: {'line': b'      |                                                               \x1b[01;35m\x1b[K~~~~~~~~~~~~~~~~~~~~~~~~~~~~~~~~~~~~~~~~~~~~~~~^~~~~\x1b[m\x1b[K\n'}
[60.557268] (rplidar_ros) StderrLine: {'line': b'\x1b[01m\x1b[K/home/isc/tk2_ws/src/rplidar_ros/sdk/src/sl_lidar_driver.cpp:\x1b[m\x1b[K In member function \xe2\x80\x98\x1b[01m\x1b[Kvirtual sl_result sl::SlamtecLidarDriver::\x1b[01;32m\x1b[KgetMotorInfo\x1b[m\x1b[K(sl::LidarMotorInfo&, sl_u32)\x1b[m\x1b[K\xe2\x80\x99:\n'}
[60.560904] (rplidar_ros) StderrLine: {'line': b'\x1b[01m\x1b[K/home/isc/tk2_ws/src/rplidar_ros/sdk/src/sl_lidar_driver.cpp:1023:66:\x1b[m\x1b[K \x1b[01;35m\x1b[Kwarning: \x1b[m\x1b[Kunused parameter \xe2\x80\x98\x1b[01m\x1b[KtimeoutInMs\x1b[m\x1b[K\xe2\x80\x99 [\x1b[01;35m\x1b[K\x1b]8;;https://gcc.gnu.org/onlinedocs/gcc/Warning-Options.html#index-Wunused-parameter\x07-Wunused-parameter\x1b]8;;\x07\x1b[m\x1b[K]\n'}
[60.561815] (rplidar_ros) StderrLine: {'line': b' 1023 |         sl_result getMotorInfo(LidarMotorInfo &motorInfo, \x1b[01;35m\x1b[Ksl_u32 timeoutInMs\x1b[m\x1b[K)\n'}
[60.562581] (rplidar_ros) StderrLine: {'line': b'      |                                                           \x1b[01;35m\x1b[K~~~~~~~^~~~~~~~~~~\x1b[m\x1b[K\n'}
[60.567052] (rplidar_ros) StderrLine: {'line': b'\x1b[01m\x1b[K/home/isc/tk2_ws/src/rplidar_ros/sdk/src/sl_lidar_driver.cpp:\x1b[m\x1b[K In member function \xe2\x80\x98\x1b[01m\x1b[Ku_result sl::SlamtecLidarDriver::\x1b[01;32m\x1b[KgetScanModeCount\x1b[m\x1b[K(sl_u16&, sl_u32)\x1b[m\x1b[K\xe2\x80\x99:\n'}
[60.568530] (rplidar_ros) StderrLine: {'line': b'\x1b[01m\x1b[K/home/isc/tk2_ws/src/rplidar_ros/sdk/src/sl_lidar_driver.cpp:1199:61:\x1b[m\x1b[K \x1b[01;35m\x1b[Kwarning: \x1b[m\x1b[Kunused parameter \xe2\x80\x98\x1b[01m\x1b[KtimeoutInMs\x1b[m\x1b[K\xe2\x80\x99 [\x1b[01;35m\x1b[K\x1b]8;;https://gcc.gnu.org/onlinedocs/gcc/Warning-Options.html#index-Wunused-parameter\x07-Wunused-parameter\x1b]8;;\x07\x1b[m\x1b[K]\n'}
[60.569440] (rplidar_ros) StderrLine: {'line': b' 1199 |         u_result getScanModeCount(sl_u16& modeCount, \x1b[01;35m\x1b[Ksl_u32 timeoutInMs = DEFAULT_TIMEOUT\x1b[m\x1b[K)\n'}
[60.572651] (rplidar_ros) StderrLine: {'line': b'      |                                                      \x1b[01;35m\x1b[K~~~~~~~^~~~~~~~~~~~~~~~~~~~~~~~~~~~~\x1b[m\x1b[K\n'}
[60.635396] (-) TimerEvent: {}
[60.736327] (-) TimerEvent: {}
[60.742450] (rplidar_ros) StdoutLine: {'line': b'[ 86%] \x1b[32mBuilding CXX object CMakeFiles/rplidar_composition.dir/sdk/src/sl_lidarprotocol_codec.cpp.o\x1b[0m\n'}
[60.829811] (rplidar_ros) StderrLine: {'line': b'/home/isc/tk2_ws/src/rplidar_ros/sdk/src/sl_lidar_driver.cpp: In instantiation of \xe2\x80\x98\x1b[01m\x1b[Kvoid sl::RawSampleNodeHolder<T>::\x1b[01;32m\x1b[KpushNode\x1b[m\x1b[K(_u64, const T*) \x1b[35m\x1b[K[with T = sl_lidar_response_measurement_node_hq_t; _u64 = long unsigned int]\x1b[m\x1b[K\x1b[m\x1b[K\xe2\x80\x99:\n'}
[60.830913] (rplidar_ros) StderrLine: {'line': b'\x1b[01m\x1b[K/home/isc/tk2_ws/src/rplidar_ros/sdk/src/sl_lidar_driver.cpp:1648:42:\x1b[m\x1b[K   required from here\n'}
[60.831605] (rplidar_ros) StderrLine: {'line': b'\x1b[01m\x1b[K/home/isc/tk2_ws/src/rplidar_ros/sdk/src/sl_lidar_driver.cpp:202:28:\x1b[m\x1b[K \x1b[01;35m\x1b[Kwarning: \x1b[m\x1b[Kunused parameter \xe2\x80\x98\x1b[01m\x1b[Ktimestamp_uS\x1b[m\x1b[K\xe2\x80\x99 [\x1b[01;35m\x1b[K\x1b]8;;https://gcc.gnu.org/onlinedocs/gcc/Warning-Options.html#index-Wunused-parameter\x07-Wunused-parameter\x1b]8;;\x07\x1b[m\x1b[K]\n'}
[60.832230] (rplidar_ros) StderrLine: {'line': b'  202 |         void pushNode(\x1b[01;35m\x1b[K_u64 timestamp_uS\x1b[m\x1b[K, const T* node)\n'}
[60.832890] (rplidar_ros) StderrLine: {'line': b'      |                       \x1b[01;35m\x1b[K~~~~~^~~~~~~~~~~~\x1b[m\x1b[K\n'}
[60.837801] (-) TimerEvent: {}
[60.938537] (-) TimerEvent: {}
[61.039342] (-) TimerEvent: {}
[61.141407] (-) TimerEvent: {}
[61.242166] (-) TimerEvent: {}
[61.345388] (-) TimerEvent: {}
[61.432989] (rplidar_ros) StderrLine: {'line': b'\x1b[01m\x1b[K/home/isc/tk2_ws/src/rplidar_ros/sdk/src/sl_lidar_driver.cpp:\x1b[m\x1b[K At global scope:\n'}
[61.436427] (rplidar_ros) StderrLine: {'line': b'\x1b[01m\x1b[K/home/isc/tk2_ws/src/rplidar_ros/sdk/src/sl_lidar_driver.cpp:83:17:\x1b[m\x1b[K \x1b[01;35m\x1b[Kwarning: \x1b[m\x1b[K\xe2\x80\x98\x1b[01m\x1b[Kvoid sl::\x1b[01;32m\x1b[Kconvert\x1b[m\x1b[K(const sl_lidar_response_measurement_node_hq_t&, sl_lidar_response_measurement_node_t&)\x1b[m\x1b[K\xe2\x80\x99 defined but not used [\x1b[01;35m\x1b[K\x1b]8;;https://gcc.gnu.org/onlinedocs/gcc/Warning-Options.html#index-Wunused-function\x07-Wunused-function\x1b]8;;\x07\x1b[m\x1b[K]\n'}
[61.437355] (rplidar_ros) StderrLine: {'line': b'   83 |     static void \x1b[01;35m\x1b[Kconvert\x1b[m\x1b[K(const sl_lidar_response_measurement_node_hq_t& from, sl_lidar_response_measurement_node_t& to)\n'}
[61.437998] (rplidar_ros) StderrLine: {'line': b'      |                 \x1b[01;35m\x1b[K^~~~~~~\x1b[m\x1b[K\n'}
[61.438773] (rplidar_ros) StderrLine: {'line': b'\x1b[01m\x1b[K/home/isc/tk2_ws/src/rplidar_ros/sdk/src/sl_lidar_driver.cpp:75:17:\x1b[m\x1b[K \x1b[01;35m\x1b[Kwarning: \x1b[m\x1b[K\xe2\x80\x98\x1b[01m\x1b[Kvoid sl::\x1b[01;32m\x1b[Kconvert\x1b[m\x1b[K(const sl_lidar_response_measurement_node_t&, sl_lidar_response_measurement_node_hq_t&)\x1b[m\x1b[K\xe2\x80\x99 defined but not used [\x1b[01;35m\x1b[K\x1b]8;;https://gcc.gnu.org/onlinedocs/gcc/Warning-Options.html#index-Wunused-function\x07-Wunused-function\x1b]8;;\x07\x1b[m\x1b[K]\n'}
[61.442565] (rplidar_ros) StderrLine: {'line': b'   75 |     static void \x1b[01;35m\x1b[Kconvert\x1b[m\x1b[K(const sl_lidar_response_measurement_node_t& from, sl_lidar_response_measurement_node_hq_t& to)\n'}
[61.443691] (rplidar_ros) StderrLine: {'line': b'      |                 \x1b[01;35m\x1b[K^~~~~~~\x1b[m\x1b[K\n'}
[61.448946] (-) TimerEvent: {}
[61.449498] (rplidar_ros) StderrLine: {'line': b'\x1b[01m\x1b[K/home/isc/tk2_ws/src/rplidar_ros/sdk/src/sl_lidar_driver.cpp:70:17:\x1b[m\x1b[K \x1b[01;35m\x1b[Kwarning: \x1b[m\x1b[K\xe2\x80\x98\x1b[01m\x1b[Kvoid sl::\x1b[01;32m\x1b[KprintDeprecationWarn\x1b[m\x1b[K(const char*, const char*)\x1b[m\x1b[K\xe2\x80\x99 defined but not used [\x1b[01;35m\x1b[K\x1b]8;;https://gcc.gnu.org/onlinedocs/gcc/Warning-Options.html#index-Wunused-function\x07-Wunused-function\x1b]8;;\x07\x1b[m\x1b[K]\n'}
[61.450315] (rplidar_ros) StderrLine: {'line': b'   70 |     static void \x1b[01;35m\x1b[KprintDeprecationWarn\x1b[m\x1b[K(const char* fn, const char* replacement)\n'}
[61.450965] (rplidar_ros) StderrLine: {'line': b'      |                 \x1b[01;35m\x1b[K^~~~~~~~~~~~~~~~~~~~\x1b[m\x1b[K\n'}
[61.549247] (-) TimerEvent: {}
[61.556672] (rplidar_ros) StderrLine: {'line': b'In file included from \x1b[01m\x1b[K/home/isc/tk2_ws/src/rplidar_ros/sdk/include/sl_lidar_cmd.h:41\x1b[m\x1b[K,\n'}
[61.557504] (rplidar_ros) StderrLine: {'line': b'                 from \x1b[01m\x1b[K/home/isc/tk2_ws/src/rplidar_ros/sdk/include/sl_lidar_driver.h:54\x1b[m\x1b[K,\n'}
[61.558079] (rplidar_ros) StderrLine: {'line': b'                 from \x1b[01m\x1b[K/home/isc/tk2_ws/src/rplidar_ros/sdk/src/sl_udp_channel.cpp:33\x1b[m\x1b[K:\n'}
[61.558684] (rplidar_ros) StderrLine: {'line': b'\x1b[01m\x1b[K/home/isc/tk2_ws/src/rplidar_ros/sdk/include/sl_lidar_protocol.h:66:16:\x1b[m\x1b[K \x1b[01;35m\x1b[Kwarning: \x1b[m\x1b[KISO C++ forbids zero-size array \xe2\x80\x98\x1b[01m\x1b[Kdata\x1b[m\x1b[K\xe2\x80\x99 [\x1b[01;35m\x1b[K\x1b]8;;https://gcc.gnu.org/onlinedocs/gcc/Warning-Options.html#index-Wpedantic\x07-Wpedantic\x1b]8;;\x07\x1b[m\x1b[K]\n'}
[61.562950] (rplidar_ros) StderrLine: {'line': b'   66 |     sl_u8 data[\x1b[01;35m\x1b[K0\x1b[m\x1b[K];\n'}
[61.563683] (rplidar_ros) StderrLine: {'line': b'      |                \x1b[01;35m\x1b[K^\x1b[m\x1b[K\n'}
[61.564273] (rplidar_ros) StderrLine: {'line': b'\x1b[01m\x1b[K/home/isc/tk2_ws/src/rplidar_ros/sdk/include/sl_lidar_cmd.h:324:20:\x1b[m\x1b[K \x1b[01;35m\x1b[Kwarning: \x1b[m\x1b[KISO C++ forbids zero-size array \xe2\x80\x98\x1b[01m\x1b[Kpayload\x1b[m\x1b[K\xe2\x80\x99 [\x1b[01;35m\x1b[K\x1b]8;;https://gcc.gnu.org/onlinedocs/gcc/Warning-Options.html#index-Wpedantic\x07-Wpedantic\x1b]8;;\x07\x1b[m\x1b[K]\n'}
[61.565049] (rplidar_ros) StderrLine: {'line': b'  324 |     sl_u8  payload[\x1b[01;35m\x1b[K0\x1b[m\x1b[K];\n'}
[61.568967] (rplidar_ros) StderrLine: {'line': b'      |                    \x1b[01;35m\x1b[K^\x1b[m\x1b[K\n'}
[61.593396] (rplidar_ros) StderrLine: {'line': b'\x1b[01m\x1b[K/home/isc/tk2_ws/src/rplidar_ros/sdk/src/sl_udp_channel.cpp:\x1b[m\x1b[K In member function \xe2\x80\x98\x1b[01m\x1b[Kvoid sl::UdpChannel::\x1b[01;32m\x1b[KsetStatus\x1b[m\x1b[K(_u32)\x1b[m\x1b[K\xe2\x80\x99:\n'}
[61.594263] (rplidar_ros) StderrLine: {'line': b'\x1b[01m\x1b[K/home/isc/tk2_ws/src/rplidar_ros/sdk/src/sl_udp_channel.cpp:112:29:\x1b[m\x1b[K \x1b[01;35m\x1b[Kwarning: \x1b[m\x1b[Kunused parameter \xe2\x80\x98\x1b[01m\x1b[Kflag\x1b[m\x1b[K\xe2\x80\x99 [\x1b[01;35m\x1b[K\x1b]8;;https://gcc.gnu.org/onlinedocs/gcc/Warning-Options.html#index-Wunused-parameter\x07-Wunused-parameter\x1b]8;;\x07\x1b[m\x1b[K]\n'}
[61.594885] (rplidar_ros) StderrLine: {'line': b'  112 |         void setStatus(\x1b[01;35m\x1b[K_u32 flag\x1b[m\x1b[K){}\n'}
[61.595513] (rplidar_ros) StderrLine: {'line': b'      |                        \x1b[01;35m\x1b[K~~~~~^~~~\x1b[m\x1b[K\n'}
[61.652418] (-) TimerEvent: {}
[61.753700] (-) TimerEvent: {}
[61.854586] (-) TimerEvent: {}
[61.929307] (rplidar_ros) StdoutLine: {'line': b'[ 89%] \x1b[32mBuilding CXX object CMakeFiles/rplidar_composition.dir/sdk/src/sl_serial_channel.cpp.o\x1b[0m\n'}
[61.954958] (-) TimerEvent: {}
[62.058916] (-) TimerEvent: {}
[62.064751] (rplidar_ros) StdoutLine: {'line': b'[ 92%] \x1b[32m\x1b[1mLinking CXX executable rplidar_node\x1b[0m\n'}
[62.159133] (-) TimerEvent: {}
[62.261709] (-) TimerEvent: {}
[62.365032] (-) TimerEvent: {}
[62.467831] (-) TimerEvent: {}
[62.571422] (-) TimerEvent: {}
[62.676488] (-) TimerEvent: {}
[62.777628] (-) TimerEvent: {}
[62.881508] (-) TimerEvent: {}
[62.982695] (-) TimerEvent: {}
[63.086036] (-) TimerEvent: {}
[63.189400] (-) TimerEvent: {}
[63.290428] (-) TimerEvent: {}
[63.391443] (-) TimerEvent: {}
[63.496314] (-) TimerEvent: {}
[63.597620] (-) TimerEvent: {}
[63.701928] (-) TimerEvent: {}
[63.804371] (-) TimerEvent: {}
[63.895353] (rplidar_ros) StdoutLine: {'line': b'[ 94%] \x1b[32mBuilding CXX object CMakeFiles/rplidar_composition.dir/sdk/src/sl_tcp_channel.cpp.o\x1b[0m\n'}
[63.898564] (rplidar_ros) StdoutLine: {'line': b'[ 94%] Built target rplidar_node\n'}
[63.906381] (-) TimerEvent: {}
[63.963491] (rplidar_ros) StdoutLine: {'line': b'[ 97%] \x1b[32mBuilding CXX object CMakeFiles/rplidar_composition.dir/sdk/src/sl_udp_channel.cpp.o\x1b[0m\n'}
[63.991363] (rplidar_ros) StderrLine: {'line': b'In file included from \x1b[01m\x1b[K/home/isc/tk2_ws/src/rplidar_ros/sdk/include/sl_lidar_cmd.h:41\x1b[m\x1b[K,\n'}
[63.993939] (rplidar_ros) StderrLine: {'line': b'                 from \x1b[01m\x1b[K/home/isc/tk2_ws/src/rplidar_ros/sdk/include/sl_lidar_driver.h:54\x1b[m\x1b[K,\n'}
[63.994572] (rplidar_ros) StderrLine: {'line': b'                 from \x1b[01m\x1b[K/home/isc/tk2_ws/src/rplidar_ros/sdk/src/sl_serial_channel.cpp:33\x1b[m\x1b[K:\n'}
[63.995109] (rplidar_ros) StderrLine: {'line': b'\x1b[01m\x1b[K/home/isc/tk2_ws/src/rplidar_ros/sdk/include/sl_lidar_protocol.h:66:16:\x1b[m\x1b[K \x1b[01;35m\x1b[Kwarning: \x1b[m\x1b[KISO C++ forbids zero-size array \xe2\x80\x98\x1b[01m\x1b[Kdata\x1b[m\x1b[K\xe2\x80\x99 [\x1b[01;35m\x1b[K\x1b]8;;https://gcc.gnu.org/onlinedocs/gcc/Warning-Options.html#index-Wpedantic\x07-Wpedantic\x1b]8;;\x07\x1b[m\x1b[K]\n'}
[63.996841] (rplidar_ros) StderrLine: {'line': b'   66 |     sl_u8 data[\x1b[01;35m\x1b[K0\x1b[m\x1b[K];\n'}
[64.000567] (rplidar_ros) StderrLine: {'line': b'      |                \x1b[01;35m\x1b[K^\x1b[m\x1b[K\n'}
[64.001156] (rplidar_ros) StderrLine: {'line': b'\x1b[01m\x1b[K/home/isc/tk2_ws/src/rplidar_ros/sdk/include/sl_lidar_cmd.h:324:20:\x1b[m\x1b[K \x1b[01;35m\x1b[Kwarning: \x1b[m\x1b[KISO C++ forbids zero-size array \xe2\x80\x98\x1b[01m\x1b[Kpayload\x1b[m\x1b[K\xe2\x80\x99 [\x1b[01;35m\x1b[K\x1b]8;;https://gcc.gnu.org/onlinedocs/gcc/Warning-Options.html#index-Wpedantic\x07-Wpedantic\x1b]8;;\x07\x1b[m\x1b[K]\n'}
[64.001785] (rplidar_ros) StderrLine: {'line': b'  324 |     sl_u8  payload[\x1b[01;35m\x1b[K0\x1b[m\x1b[K];\n'}
[64.002359] (rplidar_ros) StderrLine: {'line': b'      |                    \x1b[01;35m\x1b[K^\x1b[m\x1b[K\n'}
[64.008381] (-) TimerEvent: {}
[64.020684] (rplidar_ros) StderrLine: {'line': b'In file included from \x1b[01m\x1b[K/home/isc/tk2_ws/src/rplidar_ros/sdk/include/rplidar_protocol.h:36\x1b[m\x1b[K,\n'}
[64.021471] (rplidar_ros) StderrLine: {'line': b'                 from \x1b[01m\x1b[K/home/isc/tk2_ws/src/rplidar_ros/sdk/include/rplidar.h:39\x1b[m\x1b[K,\n'}
[64.022028] (rplidar_ros) StderrLine: {'line': b'                 from \x1b[01m\x1b[K/home/isc/tk2_ws/src/rplidar_ros/sdk/src/sdkcommon.h:49\x1b[m\x1b[K,\n'}
[64.026450] (rplidar_ros) StderrLine: {'line': b'                 from \x1b[01m\x1b[K/home/isc/tk2_ws/src/rplidar_ros/sdk/src/sl_lidarprotocol_codec.cpp:35\x1b[m\x1b[K:\n'}
[64.027268] (rplidar_ros) StderrLine: {'line': b'\x1b[01m\x1b[K/home/isc/tk2_ws/src/rplidar_ros/sdk/include/sl_lidar_protocol.h:66:16:\x1b[m\x1b[K \x1b[01;35m\x1b[Kwarning: \x1b[m\x1b[KISO C++ forbids zero-size array \xe2\x80\x98\x1b[01m\x1b[Kdata\x1b[m\x1b[K\xe2\x80\x99 [\x1b[01;35m\x1b[K\x1b]8;;https://gcc.gnu.org/onlinedocs/gcc/Warning-Options.html#index-Wpedantic\x07-Wpedantic\x1b]8;;\x07\x1b[m\x1b[K]\n'}
[64.027803] (rplidar_ros) StderrLine: {'line': b'   66 |     sl_u8 data[\x1b[01;35m\x1b[K0\x1b[m\x1b[K];\n'}
[64.028251] (rplidar_ros) StderrLine: {'line': b'      |                \x1b[01;35m\x1b[K^\x1b[m\x1b[K\n'}
[64.028738] (rplidar_ros) StderrLine: {'line': b'In file included from \x1b[01m\x1b[K/home/isc/tk2_ws/src/rplidar_ros/sdk/include/rplidar_cmd.h:36\x1b[m\x1b[K,\n'}
[64.029157] (rplidar_ros) StderrLine: {'line': b'                 from \x1b[01m\x1b[K/home/isc/tk2_ws/src/rplidar_ros/sdk/include/rplidar.h:40\x1b[m\x1b[K:\n'}
[64.032982] (rplidar_ros) StderrLine: {'line': b'\x1b[01m\x1b[K/home/isc/tk2_ws/src/rplidar_ros/sdk/include/sl_lidar_cmd.h:324:20:\x1b[m\x1b[K \x1b[01;35m\x1b[Kwarning: \x1b[m\x1b[KISO C++ forbids zero-size array \xe2\x80\x98\x1b[01m\x1b[Kpayload\x1b[m\x1b[K\xe2\x80\x99 [\x1b[01;35m\x1b[K\x1b]8;;https://gcc.gnu.org/onlinedocs/gcc/Warning-Options.html#index-Wpedantic\x07-Wpedantic\x1b]8;;\x07\x1b[m\x1b[K]\n'}
[64.033482] (rplidar_ros) StderrLine: {'line': b'  324 |     sl_u8  payload[\x1b[01;35m\x1b[K0\x1b[m\x1b[K];\n'}
[64.033937] (rplidar_ros) StderrLine: {'line': b'      |                    \x1b[01;35m\x1b[K^\x1b[m\x1b[K\n'}
[64.111364] (-) TimerEvent: {}
[64.212140] (-) TimerEvent: {}
[64.312845] (-) TimerEvent: {}
[64.416673] (-) TimerEvent: {}
[64.517612] (-) TimerEvent: {}
[64.534254] (rplidar_ros) StderrLine: {'line': b'In file included from \x1b[01m\x1b[K/home/isc/tk2_ws/src/rplidar_ros/sdk/src/sl_lidarprotocol_codec.cpp:49\x1b[m\x1b[K:\n'}
[64.534972] (rplidar_ros) StderrLine: {'line': b'\x1b[01m\x1b[K/home/isc/tk2_ws/src/rplidar_ros/sdk/src/sl_async_transceiver.h:\x1b[m\x1b[K In member function \xe2\x80\x98\x1b[01m\x1b[Kvirtual void sl::internal::IAsyncProtocolCodec::\x1b[01;32m\x1b[KonChannelError\x1b[m\x1b[K(u_result)\x1b[m\x1b[K\xe2\x80\x99:\n'}
[64.535595] (rplidar_ros) StderrLine: {'line': b'\x1b[01m\x1b[K/home/isc/tk2_ws/src/rplidar_ros/sdk/src/sl_async_transceiver.h:90:48:\x1b[m\x1b[K \x1b[01;35m\x1b[Kwarning: \x1b[m\x1b[Kunused parameter \xe2\x80\x98\x1b[01m\x1b[KerrCode\x1b[m\x1b[K\xe2\x80\x99 [\x1b[01;35m\x1b[K\x1b]8;;https://gcc.gnu.org/onlinedocs/gcc/Warning-Options.html#index-Wunused-parameter\x07-Wunused-parameter\x1b]8;;\x07\x1b[m\x1b[K]\n'}
[64.536227] (rplidar_ros) StderrLine: {'line': b'   90 |         virtual void   onChannelError(\x1b[01;35m\x1b[Ku_result errCode\x1b[m\x1b[K) {}\n'}
[64.537110] (rplidar_ros) StderrLine: {'line': b'      |                                       \x1b[01;35m\x1b[K~~~~~~~~~^~~~~~~\x1b[m\x1b[K\n'}
[64.617829] (-) TimerEvent: {}
[64.719151] (-) TimerEvent: {}
[64.819967] (-) TimerEvent: {}
[64.921379] (-) TimerEvent: {}
[65.023375] (-) TimerEvent: {}
[65.124156] (-) TimerEvent: {}
[65.225487] (-) TimerEvent: {}
[65.273638] (rplidar_ros) StderrLine: {'line': b'In file included from \x1b[01m\x1b[K/home/isc/tk2_ws/src/rplidar_ros/sdk/include/sl_lidar_cmd.h:41\x1b[m\x1b[K,\n'}
[65.274482] (rplidar_ros) StderrLine: {'line': b'                 from \x1b[01m\x1b[K/home/isc/tk2_ws/src/rplidar_ros/sdk/include/sl_lidar_driver.h:54\x1b[m\x1b[K,\n'}
[65.275158] (rplidar_ros) StderrLine: {'line': b'                 from \x1b[01m\x1b[K/home/isc/tk2_ws/src/rplidar_ros/sdk/src/sl_tcp_channel.cpp:33\x1b[m\x1b[K:\n'}
[65.275925] (rplidar_ros) StderrLine: {'line': b'\x1b[01m\x1b[K/home/isc/tk2_ws/src/rplidar_ros/sdk/include/sl_lidar_protocol.h:66:16:\x1b[m\x1b[K \x1b[01;35m\x1b[Kwarning: \x1b[m\x1b[KISO C++ forbids zero-size array \xe2\x80\x98\x1b[01m\x1b[Kdata\x1b[m\x1b[K\xe2\x80\x99 [\x1b[01;35m\x1b[K\x1b]8;;https://gcc.gnu.org/onlinedocs/gcc/Warning-Options.html#index-Wpedantic\x07-Wpedantic\x1b]8;;\x07\x1b[m\x1b[K]\n'}
[65.276603] (rplidar_ros) StderrLine: {'line': b'   66 |     sl_u8 data[\x1b[01;35m\x1b[K0\x1b[m\x1b[K];\n'}
[65.277242] (rplidar_ros) StderrLine: {'line': b'      |                \x1b[01;35m\x1b[K^\x1b[m\x1b[K\n'}
[65.278226] (rplidar_ros) StderrLine: {'line': b'\x1b[01m\x1b[K/home/isc/tk2_ws/src/rplidar_ros/sdk/include/sl_lidar_cmd.h:324:20:\x1b[m\x1b[K \x1b[01;35m\x1b[Kwarning: \x1b[m\x1b[KISO C++ forbids zero-size array \xe2\x80\x98\x1b[01m\x1b[Kpayload\x1b[m\x1b[K\xe2\x80\x99 [\x1b[01;35m\x1b[K\x1b]8;;https://gcc.gnu.org/onlinedocs/gcc/Warning-Options.html#index-Wpedantic\x07-Wpedantic\x1b]8;;\x07\x1b[m\x1b[K]\n'}
[65.279038] (rplidar_ros) StderrLine: {'line': b'  324 |     sl_u8  payload[\x1b[01;35m\x1b[K0\x1b[m\x1b[K];\n'}
[65.279847] (rplidar_ros) StderrLine: {'line': b'      |                    \x1b[01;35m\x1b[K^\x1b[m\x1b[K\n'}
[65.294725] (rplidar_ros) StderrLine: {'line': b'\x1b[01m\x1b[K/home/isc/tk2_ws/src/rplidar_ros/sdk/src/sl_tcp_channel.cpp:\x1b[m\x1b[K In member function \xe2\x80\x98\x1b[01m\x1b[Kvoid sl::TcpChannel::\x1b[01;32m\x1b[KsetStatus\x1b[m\x1b[K(_u32)\x1b[m\x1b[K\xe2\x80\x99:\n'}
[65.295582] (rplidar_ros) StderrLine: {'line': b'\x1b[01m\x1b[K/home/isc/tk2_ws/src/rplidar_ros/sdk/src/sl_tcp_channel.cpp:109:29:\x1b[m\x1b[K \x1b[01;35m\x1b[Kwarning: \x1b[m\x1b[Kunused parameter \xe2\x80\x98\x1b[01m\x1b[Kflag\x1b[m\x1b[K\xe2\x80\x99 [\x1b[01;35m\x1b[K\x1b]8;;https://gcc.gnu.org/onlinedocs/gcc/Warning-Options.html#index-Wunused-parameter\x07-Wunused-parameter\x1b]8;;\x07\x1b[m\x1b[K]\n'}
[65.296320] (rplidar_ros) StderrLine: {'line': b'  109 |         void setStatus(\x1b[01;35m\x1b[K_u32 flag\x1b[m\x1b[K){}\n'}
[65.297072] (rplidar_ros) StderrLine: {'line': b'      |                        \x1b[01;35m\x1b[K~~~~~^~~~\x1b[m\x1b[K\n'}
[65.325710] (-) TimerEvent: {}
[65.333141] (rplidar_ros) StderrLine: {'line': b'In file included from \x1b[01m\x1b[K/home/isc/tk2_ws/src/rplidar_ros/sdk/include/sl_lidar_cmd.h:41\x1b[m\x1b[K,\n'}
[65.333816] (rplidar_ros) StderrLine: {'line': b'                 from \x1b[01m\x1b[K/home/isc/tk2_ws/src/rplidar_ros/sdk/include/sl_lidar_driver.h:54\x1b[m\x1b[K,\n'}
[65.334348] (rplidar_ros) StderrLine: {'line': b'                 from \x1b[01m\x1b[K/home/isc/tk2_ws/src/rplidar_ros/sdk/src/sl_udp_channel.cpp:33\x1b[m\x1b[K:\n'}
[65.334857] (rplidar_ros) StderrLine: {'line': b'\x1b[01m\x1b[K/home/isc/tk2_ws/src/rplidar_ros/sdk/include/sl_lidar_protocol.h:66:16:\x1b[m\x1b[K \x1b[01;35m\x1b[Kwarning: \x1b[m\x1b[KISO C++ forbids zero-size array \xe2\x80\x98\x1b[01m\x1b[Kdata\x1b[m\x1b[K\xe2\x80\x99 [\x1b[01;35m\x1b[K\x1b]8;;https://gcc.gnu.org/onlinedocs/gcc/Warning-Options.html#index-Wpedantic\x07-Wpedantic\x1b]8;;\x07\x1b[m\x1b[K]\n'}
[65.335498] (rplidar_ros) StderrLine: {'line': b'   66 |     sl_u8 data[\x1b[01;35m\x1b[K0\x1b[m\x1b[K];\n'}
[65.336023] (rplidar_ros) StderrLine: {'line': b'      |                \x1b[01;35m\x1b[K^\x1b[m\x1b[K\n'}
[65.336863] (rplidar_ros) StderrLine: {'line': b'\x1b[01m\x1b[K/home/isc/tk2_ws/src/rplidar_ros/sdk/include/sl_lidar_cmd.h:324:20:\x1b[m\x1b[K \x1b[01;35m\x1b[Kwarning: \x1b[m\x1b[KISO C++ forbids zero-size array \xe2\x80\x98\x1b[01m\x1b[Kpayload\x1b[m\x1b[K\xe2\x80\x99 [\x1b[01;35m\x1b[K\x1b]8;;https://gcc.gnu.org/onlinedocs/gcc/Warning-Options.html#index-Wpedantic\x07-Wpedantic\x1b]8;;\x07\x1b[m\x1b[K]\n'}
[65.337574] (rplidar_ros) StderrLine: {'line': b'  324 |     sl_u8  payload[\x1b[01;35m\x1b[K0\x1b[m\x1b[K];\n'}
[65.338086] (rplidar_ros) StderrLine: {'line': b'      |                    \x1b[01;35m\x1b[K^\x1b[m\x1b[K\n'}
[65.352786] (rplidar_ros) StderrLine: {'line': b'\x1b[01m\x1b[K/home/isc/tk2_ws/src/rplidar_ros/sdk/src/sl_udp_channel.cpp:\x1b[m\x1b[K In member function \xe2\x80\x98\x1b[01m\x1b[Kvoid sl::UdpChannel::\x1b[01;32m\x1b[KsetStatus\x1b[m\x1b[K(_u32)\x1b[m\x1b[K\xe2\x80\x99:\n'}
[65.353631] (rplidar_ros) StderrLine: {'line': b'\x1b[01m\x1b[K/home/isc/tk2_ws/src/rplidar_ros/sdk/src/sl_udp_channel.cpp:112:29:\x1b[m\x1b[K \x1b[01;35m\x1b[Kwarning: \x1b[m\x1b[Kunused parameter \xe2\x80\x98\x1b[01m\x1b[Kflag\x1b[m\x1b[K\xe2\x80\x99 [\x1b[01;35m\x1b[K\x1b]8;;https://gcc.gnu.org/onlinedocs/gcc/Warning-Options.html#index-Wunused-parameter\x07-Wunused-parameter\x1b]8;;\x07\x1b[m\x1b[K]\n'}
[65.354226] (rplidar_ros) StderrLine: {'line': b'  112 |         void setStatus(\x1b[01;35m\x1b[K_u32 flag\x1b[m\x1b[K){}\n'}
[65.354787] (rplidar_ros) StderrLine: {'line': b'      |                        \x1b[01;35m\x1b[K~~~~~^~~~\x1b[m\x1b[K\n'}
[65.425908] (-) TimerEvent: {}
[65.526716] (-) TimerEvent: {}
[65.594102] (rplidar_ros) StdoutLine: {'line': b'[100%] \x1b[32m\x1b[1mLinking CXX executable rplidar_composition\x1b[0m\n'}
[65.626917] (-) TimerEvent: {}
[65.727636] (-) TimerEvent: {}
[65.828504] (-) TimerEvent: {}
[65.929332] (-) TimerEvent: {}
[66.030014] (-) TimerEvent: {}
[66.130888] (-) TimerEvent: {}
[66.231761] (-) TimerEvent: {}
[66.332803] (-) TimerEvent: {}
[66.433695] (-) TimerEvent: {}
[66.534416] (-) TimerEvent: {}
[66.635043] (-) TimerEvent: {}
[66.735719] (-) TimerEvent: {}
[66.836306] (-) TimerEvent: {}
[66.914940] (rplidar_ros) StdoutLine: {'line': b'[100%] Built target rplidar_composition\n'}
[66.936523] (-) TimerEvent: {}
[66.973687] (rplidar_ros) CommandEnded: {'returncode': 0}
[66.975451] (rplidar_ros) JobProgress: {'identifier': 'rplidar_ros', 'progress': 'install'}
[67.018830] (rplidar_ros) Command: {'cmd': ['/usr/bin/cmake', '--install', '/home/isc/tk2_ws/build/rplidar_ros'], 'cwd': '/home/isc/tk2_ws/build/rplidar_ros', 'env': OrderedDict({'LESSOPEN': '| /usr/bin/lesspipe %s', 'USER': 'isc', 'SSH_CLIENT': '192.168.50.106 60452 22', 'LC_TIME': 'en_US.UTF-8', 'XDG_SESSION_TYPE': 'tty', 'SHLVL': '1', 'LD_LIBRARY_PATH': '/opt/ros/jazzy/opt/rviz_ogre_vendor/lib:/opt/ros/jazzy/lib/aarch64-linux-gnu:/opt/ros/jazzy/opt/gz_math_vendor/lib:/opt/ros/jazzy/opt/gz_utils_vendor/lib:/opt/ros/jazzy/opt/gz_cmake_vendor/lib:/opt/ros/jazzy/lib', 'HOME': '/home/isc', 'OLDPWD': '/home/isc/tk2_ws/src', 'SSH_TTY': '/dev/pts/0', 'ROS_PYTHON_VERSION': '3', 'LC_MONETARY': 'en_US.UTF-8', 'DBUS_SESSION_BUS_ADDRESS': 'unix:path=/run/user/1000/bus', 'ROS_DISTRO': 'jazzy', 'LOGNAME': 'isc', '_': '/usr/bin/colcon', 'ROS_VERSION': '2', 'XDG_SESSION_CLASS': 'user', 'TERM': 'xterm-256color', 'XDG_SESSION_ID': '1', 'PATH': '/opt/ros/jazzy/bin:/usr/local/sbin:/usr/local/bin:/usr/sbin:/usr/bin:/sbin:/bin:/usr/games:/usr/local/games:/snap/bin', 'LC_ADDRESS': 'en_US.UTF-8', 'XDG_RUNTIME_DIR': '/run/user/1000', 'DISPLAY': 'localhost:10.0', 'LANG': 'en_US.UTF-8', 'LC_TELEPHONE': 'en_US.UTF-8', 'LS_COLORS': 'rs=0:di=01;34:ln=01;36:mh=00:pi=40;33:so=01;35:do=01;35:bd=40;33;01:cd=40;33;01:or=40;31;01:mi=00:su=37;41:sg=30;43:ca=00:tw=30;42:ow=34;42:st=37;44:ex=01;32:*.tar=01;31:*.tgz=01;31:*.arc=01;31:*.arj=01;31:*.taz=01;31:*.lha=01;31:*.lz4=01;31:*.lzh=01;31:*.lzma=01;31:*.tlz=01;31:*.txz=01;31:*.tzo=01;31:*.t7z=01;31:*.zip=01;31:*.z=01;31:*.dz=01;31:*.gz=01;31:*.lrz=01;31:*.lz=01;31:*.lzo=01;31:*.xz=01;31:*.zst=01;31:*.tzst=01;31:*.bz2=01;31:*.bz=01;31:*.tbz=01;31:*.tbz2=01;31:*.tz=01;31:*.deb=01;31:*.rpm=01;31:*.jar=01;31:*.war=01;31:*.ear=01;31:*.sar=01;31:*.rar=01;31:*.alz=01;31:*.ace=01;31:*.zoo=01;31:*.cpio=01;31:*.7z=01;31:*.rz=01;31:*.cab=01;31:*.wim=01;31:*.swm=01;31:*.dwm=01;31:*.esd=01;31:*.avif=01;35:*.jpg=01;35:*.jpeg=01;35:*.mjpg=01;35:*.mjpeg=01;35:*.gif=01;35:*.bmp=01;35:*.pbm=01;35:*.pgm=01;35:*.ppm=01;35:*.tga=01;35:*.xbm=01;35:*.xpm=01;35:*.tif=01;35:*.tiff=01;35:*.png=01;35:*.svg=01;35:*.svgz=01;35:*.mng=01;35:*.pcx=01;35:*.mov=01;35:*.mpg=01;35:*.mpeg=01;35:*.m2v=01;35:*.mkv=01;35:*.webm=01;35:*.webp=01;35:*.ogm=01;35:*.mp4=01;35:*.m4v=01;35:*.mp4v=01;35:*.vob=01;35:*.qt=01;35:*.nuv=01;35:*.wmv=01;35:*.asf=01;35:*.rm=01;35:*.rmvb=01;35:*.flc=01;35:*.avi=01;35:*.fli=01;35:*.flv=01;35:*.gl=01;35:*.dl=01;35:*.xcf=01;35:*.xwd=01;35:*.yuv=01;35:*.cgm=01;35:*.emf=01;35:*.ogv=01;35:*.ogx=01;35:*.aac=00;36:*.au=00;36:*.flac=00;36:*.m4a=00;36:*.mid=00;36:*.midi=00;36:*.mka=00;36:*.mp3=00;36:*.mpc=00;36:*.ogg=00;36:*.ra=00;36:*.wav=00;36:*.oga=00;36:*.opus=00;36:*.spx=00;36:*.xspf=00;36:*~=00;90:*#=00;90:*.bak=00;90:*.crdownload=00;90:*.dpkg-dist=00;90:*.dpkg-new=00;90:*.dpkg-old=00;90:*.dpkg-tmp=00;90:*.old=00;90:*.orig=00;90:*.part=00;90:*.rej=00;90:*.rpmnew=00;90:*.rpmorig=00;90:*.rpmsave=00;90:*.swp=00;90:*.tmp=00;90:*.ucf-dist=00;90:*.ucf-new=00;90:*.ucf-old=00;90:', 'AMENT_PREFIX_PATH': '/opt/ros/jazzy', 'SHELL': '/bin/bash', 'LC_NAME': 'en_US.UTF-8', 'LESSCLOSE': '/usr/bin/lesspipe %s %s', 'LC_MEASUREMENT': 'en_US.UTF-8', 'LC_IDENTIFICATION': 'en_US.UTF-8', 'ROS_AUTOMATIC_DISCOVERY_RANGE': 'SUBNET', 'PWD': '/home/isc/tk2_ws/build/rplidar_ros', 'LC_ALL': 'en_US.UTF-8', 'SSH_CONNECTION': '192.168.50.106 60452 192.168.50.231 22', 'XDG_DATA_DIRS': '/usr/local/share:/usr/share:/var/lib/snapd/desktop', 'PYTHONPATH': '/opt/ros/jazzy/lib/python3.12/site-packages', 'LC_NUMERIC': 'en_US.UTF-8', 'LC_PAPER': 'en_US.UTF-8', 'COLCON': '1', 'CMAKE_PREFIX_PATH': '/opt/ros/jazzy/opt/gz_math_vendor:/opt/ros/jazzy/opt/gz_utils_vendor:/opt/ros/jazzy/opt/gz_cmake_vendor:/opt/ros/jazzy'}), 'shell': False}
[67.036742] (-) TimerEvent: {}
[67.059157] (rplidar_ros) StdoutLine: {'line': b'-- Install configuration: ""\n'}
[67.060873] (rplidar_ros) StdoutLine: {'line': b'-- Execute custom install script\n'}
[67.064279] (rplidar_ros) StdoutLine: {'line': b'-- Symlinking: /home/isc/tk2_ws/install/rplidar_ros/share/rplidar_ros/launch/rplidar_a1_launch.py\n'}
[67.109396] (rplidar_ros) StdoutLine: {'line': b'-- Symlinking: /home/isc/tk2_ws/install/rplidar_ros/share/rplidar_ros/launch/rplidar_a2m12_launch.py\n'}
[67.136923] (-) TimerEvent: {}
[67.154517] (rplidar_ros) StdoutLine: {'line': b'-- Symlinking: /home/isc/tk2_ws/install/rplidar_ros/share/rplidar_ros/launch/rplidar_a2m7_launch.py\n'}
[67.198556] (rplidar_ros) StdoutLine: {'line': b'-- Symlinking: /home/isc/tk2_ws/install/rplidar_ros/share/rplidar_ros/launch/rplidar_a2m8_launch.py\n'}
[67.237098] (-) TimerEvent: {}
[67.243691] (rplidar_ros) StdoutLine: {'line': b'-- Symlinking: /home/isc/tk2_ws/install/rplidar_ros/share/rplidar_ros/launch/rplidar_a3_launch.py\n'}
[67.288620] (rplidar_ros) StdoutLine: {'line': b'-- Symlinking: /home/isc/tk2_ws/install/rplidar_ros/share/rplidar_ros/launch/rplidar_c1_launch.py\n'}
[67.334300] (rplidar_ros) StdoutLine: {'line': b'-- Symlinking: /home/isc/tk2_ws/install/rplidar_ros/share/rplidar_ros/launch/rplidar_s1_launch.py\n'}
[67.337252] (-) TimerEvent: {}
[67.380905] (rplidar_ros) StdoutLine: {'line': b'-- Symlinking: /home/isc/tk2_ws/install/rplidar_ros/share/rplidar_ros/launch/rplidar_s1_tcp_launch.py\n'}
[67.426040] (rplidar_ros) StdoutLine: {'line': b'-- Symlinking: /home/isc/tk2_ws/install/rplidar_ros/share/rplidar_ros/launch/rplidar_s2_launch.py\n'}
[67.437439] (-) TimerEvent: {}
[67.470215] (rplidar_ros) StdoutLine: {'line': b'-- Symlinking: /home/isc/tk2_ws/install/rplidar_ros/share/rplidar_ros/launch/rplidar_s2e_launch.py\n'}
[67.514882] (rplidar_ros) StdoutLine: {'line': b'-- Symlinking: /home/isc/tk2_ws/install/rplidar_ros/share/rplidar_ros/launch/rplidar_s3_launch.py\n'}
[67.537607] (-) TimerEvent: {}
[67.561619] (rplidar_ros) StdoutLine: {'line': b'-- Symlinking: /home/isc/tk2_ws/install/rplidar_ros/share/rplidar_ros/launch/rplidar_t1_launch.py\n'}
[67.605651] (rplidar_ros) StdoutLine: {'line': b'-- Symlinking: /home/isc/tk2_ws/install/rplidar_ros/share/rplidar_ros/launch/view_rplidar_a1_launch.py\n'}
[67.637825] (-) TimerEvent: {}
[67.653231] (rplidar_ros) StdoutLine: {'line': b'-- Symlinking: /home/isc/tk2_ws/install/rplidar_ros/share/rplidar_ros/launch/view_rplidar_a2m12_launch.py\n'}
[67.697504] (rplidar_ros) StdoutLine: {'line': b'-- Symlinking: /home/isc/tk2_ws/install/rplidar_ros/share/rplidar_ros/launch/view_rplidar_a2m7_launch.py\n'}
[67.738019] (-) TimerEvent: {}
[67.741763] (rplidar_ros) StdoutLine: {'line': b'-- Symlinking: /home/isc/tk2_ws/install/rplidar_ros/share/rplidar_ros/launch/view_rplidar_a2m8_launch.py\n'}
[67.786567] (rplidar_ros) StdoutLine: {'line': b'-- Symlinking: /home/isc/tk2_ws/install/rplidar_ros/share/rplidar_ros/launch/view_rplidar_a3_launch.py\n'}
[67.831532] (rplidar_ros) StdoutLine: {'line': b'-- Symlinking: /home/isc/tk2_ws/install/rplidar_ros/share/rplidar_ros/launch/view_rplidar_c1_launch.py\n'}
[67.838212] (-) TimerEvent: {}
[67.876045] (rplidar_ros) StdoutLine: {'line': b'-- Symlinking: /home/isc/tk2_ws/install/rplidar_ros/share/rplidar_ros/launch/view_rplidar_s1_launch.py\n'}
[67.920376] (rplidar_ros) StdoutLine: {'line': b'-- Symlinking: /home/isc/tk2_ws/install/rplidar_ros/share/rplidar_ros/launch/view_rplidar_s1_tcp_launch.py\n'}
[67.938379] (-) TimerEvent: {}
[67.967005] (rplidar_ros) StdoutLine: {'line': b'-- Symlinking: /home/isc/tk2_ws/install/rplidar_ros/share/rplidar_ros/launch/view_rplidar_s2_launch.py\n'}
[68.011322] (rplidar_ros) StdoutLine: {'line': b'-- Symlinking: /home/isc/tk2_ws/install/rplidar_ros/share/rplidar_ros/launch/view_rplidar_s2e_launch.py\n'}
[68.038605] (-) TimerEvent: {}
[68.057705] (rplidar_ros) StdoutLine: {'line': b'-- Symlinking: /home/isc/tk2_ws/install/rplidar_ros/share/rplidar_ros/launch/view_rplidar_s3_launch.py\n'}
[68.101483] (rplidar_ros) StdoutLine: {'line': b'-- Symlinking: /home/isc/tk2_ws/install/rplidar_ros/share/rplidar_ros/launch/view_rplidar_t1_launch.py\n'}
[68.138780] (-) TimerEvent: {}
[68.146569] (rplidar_ros) StdoutLine: {'line': b'-- Symlinking: /home/isc/tk2_ws/install/rplidar_ros/share/rplidar_ros/rviz/rplidar_ros.rviz\n'}
[68.192509] (rplidar_ros) StdoutLine: {'line': b'-- Symlinking: /home/isc/tk2_ws/install/rplidar_ros/lib/rplidar_ros/rplidar_node\n'}
[68.238370] (rplidar_ros) StdoutLine: {'line': b'-- Symlinking: /home/isc/tk2_ws/install/rplidar_ros/lib/rplidar_ros/rplidar_composition\n'}
[68.238891] (-) TimerEvent: {}
[68.283033] (rplidar_ros) StdoutLine: {'line': b'-- Symlinking: /home/isc/tk2_ws/install/rplidar_ros/lib/rplidar_ros/rplidar_client\n'}
[68.328380] (rplidar_ros) StdoutLine: {'line': b'-- Symlinking: /home/isc/tk2_ws/install/rplidar_ros/share/ament_index/resource_index/package_run_dependencies/rplidar_ros\n'}
[68.339112] (-) TimerEvent: {}
[68.375690] (rplidar_ros) StdoutLine: {'line': b'-- Symlinking: /home/isc/tk2_ws/install/rplidar_ros/share/ament_index/resource_index/parent_prefix_path/rplidar_ros\n'}
[68.421046] (rplidar_ros) StdoutLine: {'line': b'-- Symlinking: /home/isc/tk2_ws/install/rplidar_ros/share/rplidar_ros/environment/ament_prefix_path.sh\n'}
[68.439343] (-) TimerEvent: {}
[68.467356] (rplidar_ros) StdoutLine: {'line': b'-- Symlinking: /home/isc/tk2_ws/install/rplidar_ros/share/rplidar_ros/environment/ament_prefix_path.dsv\n'}
[68.513958] (rplidar_ros) StdoutLine: {'line': b'-- Symlinking: /home/isc/tk2_ws/install/rplidar_ros/share/rplidar_ros/environment/path.sh\n'}
[68.539515] (-) TimerEvent: {}
[68.558775] (rplidar_ros) StdoutLine: {'line': b'-- Symlinking: /home/isc/tk2_ws/install/rplidar_ros/share/rplidar_ros/environment/path.dsv\n'}
[68.605063] (rplidar_ros) StdoutLine: {'line': b'-- Symlinking: /home/isc/tk2_ws/install/rplidar_ros/share/rplidar_ros/local_setup.bash\n'}
[68.639683] (-) TimerEvent: {}
[68.651377] (rplidar_ros) StdoutLine: {'line': b'-- Symlinking: /home/isc/tk2_ws/install/rplidar_ros/share/rplidar_ros/local_setup.sh\n'}
[68.696631] (rplidar_ros) StdoutLine: {'line': b'-- Symlinking: /home/isc/tk2_ws/install/rplidar_ros/share/rplidar_ros/local_setup.zsh\n'}
[68.739876] (-) TimerEvent: {}
[68.743307] (rplidar_ros) StdoutLine: {'line': b'-- Symlinking: /home/isc/tk2_ws/install/rplidar_ros/share/rplidar_ros/local_setup.dsv\n'}
[68.787969] (rplidar_ros) StdoutLine: {'line': b'-- Symlinking: /home/isc/tk2_ws/install/rplidar_ros/share/rplidar_ros/package.dsv\n'}
[68.834562] (rplidar_ros) StdoutLine: {'line': b'-- Symlinking: /home/isc/tk2_ws/install/rplidar_ros/share/ament_index/resource_index/packages/rplidar_ros\n'}
[68.840045] (-) TimerEvent: {}
[68.880654] (rplidar_ros) StdoutLine: {'line': b'-- Symlinking: /home/isc/tk2_ws/install/rplidar_ros/share/rplidar_ros/cmake/ament_cmake_export_dependencies-extras.cmake\n'}
[68.926309] (rplidar_ros) StdoutLine: {'line': b'-- Symlinking: /home/isc/tk2_ws/install/rplidar_ros/share/rplidar_ros/cmake/ament_cmake_export_include_directories-extras.cmake\n'}
[68.940260] (-) TimerEvent: {}
[68.971455] (rplidar_ros) StdoutLine: {'line': b'-- Symlinking: /home/isc/tk2_ws/install/rplidar_ros/share/rplidar_ros/cmake/rplidar_rosConfig.cmake\n'}
[69.016459] (rplidar_ros) StdoutLine: {'line': b'-- Symlinking: /home/isc/tk2_ws/install/rplidar_ros/share/rplidar_ros/cmake/rplidar_rosConfig-version.cmake\n'}
[69.040450] (-) TimerEvent: {}
[69.063044] (rplidar_ros) StdoutLine: {'line': b'-- Symlinking: /home/isc/tk2_ws/install/rplidar_ros/share/rplidar_ros/package.xml\n'}
[69.113712] (rplidar_ros) CommandEnded: {'returncode': 0}
[69.140693] (-) TimerEvent: {}
[69.190692] (rplidar_ros) JobEnded: {'identifier': 'rplidar_ros', 'rc': 0}
[69.200345] (-) EventReactorShutdown: {}
